match_id,round,player_name,win_category,opp_match_wins,opp_match_winrate,stake,opp_move,my_move,is_last_round,outcome,score_me_before,score_opp_before,streak_draws,prev_opp_move,prev_my_move,prev_outcome,prev2_opp_move,prev2_my_move,prev2_outcome
1,1,Неизвестен,unknown,-1,-0.01,25,Н,Б,0,lose,0,0,0,-1,-1,none,-1,-1,none
1,2,Неизвестен,unknown,-1,-0.01,25,К,Н,0,lose,0,1,0,Н,Б,lose,-1,-1,none
1,3,Неизвестен,unknown,-1,-0.01,25,Н,Н,1,draw,0,2,0,К,Н,lose,Н,Б,lose
1,4,Неизвестен,unknown,-1,-0.01,25,Н,Н,1,draw,0,2,1,Н,Н,draw,К,Н,lose
1,5,Неизвестен,unknown,-1,-0.01,25,Н,К,1,win,0,2,2,Н,Н,draw,Н,Н,draw
1,6,Неизвестен,unknown,-1,-0.01,25,Н,Б,1,lose,1,2,0,Н,К,win,Н,Н,draw
2,1,Неизвестен,unknown,-1,-0.01,25,Н,К,0,win,0,0,0,-1,-1,none,-1,-1,none
2,2,Неизвестен,unknown,-1,-0.01,25,Б,Б,0,draw,1,0,0,Н,К,win,-1,-1,none
2,3,Неизвестен,unknown,-1,-0.01,25,Б,Н,0,win,1,0,1,Б,Б,draw,Н,К,win
2,4,Неизвестен,unknown,-1,-0.01,25,Б,К,1,lose,2,0,0,Б,Н,win,Б,Б,draw
2,5,Неизвестен,unknown,-1,-0.01,25,Н,К,1,win,2,1,0,Б,К,lose,Б,Н,win
3,1,Неизвестен,unknown,-1,-0.01,25,К,Б,0,win,0,0,0,-1,-1,none,-1,-1,none
3,2,Неизвестен,unknown,-1,-0.01,25,К,К,0,draw,1,0,0,К,Б,win,-1,-1,none
3,3,Неизвестен,unknown,-1,-0.01,25,Н,Б,0,lose,1,0,1,К,К,draw,К,Б,win
3,4,Неизвестен,unknown,-1,-0.01,25,К,Н,0,lose,1,1,0,Н,Б,lose,К,К,draw
3,5,Неизвестен,unknown,-1,-0.01,25,Б,К,1,lose,1,2,0,К,Н,lose,Н,Б,lose
4,1,Неизвестен,unknown,-1,-0.01,25,К,К,0,draw,0,0,0,-1,-1,none,-1,-1,none
4,2,Неизвестен,unknown,-1,-0.01,25,Н,К,0,win,0,0,1,К,К,draw,-1,-1,none
4,3,Неизвестен,unknown,-1,-0.01,25,Н,Н,0,draw,1,0,0,Н,К,win,К,К,draw
4,4,Неизвестен,unknown,-1,-0.01,25,Б,К,0,lose,1,0,1,Н,Н,draw,Н,К,win
4,5,Неизвестен,unknown,-1,-0.01,25,Н,К,0,win,1,1,0,Б,К,lose,Н,Н,draw
4,6,Неизвестен,unknown,-1,-0.01,25,Н,К,1,win,2,1,0,Н,К,win,Б,К,lose
5,1,Неизвестен,unknown,-1,-0.01,25,Б,К,0,lose,0,0,0,-1,-1,none,-1,-1,none
5,2,Неизвестен,unknown,-1,-0.01,25,Б,К,0,lose,0,1,0,Б,К,lose,-1,-1,none
5,3,Неизвестен,unknown,-1,-0.01,25,Н,К,1,win,0,2,0,Б,К,lose,Б,К,lose
5,4,Неизвестен,unknown,-1,-0.01,25,Б,К,1,lose,1,2,0,Н,К,win,Б,К,lose
6,1,Неизвестен,unknown,-1,-0.01,25,Б,К,0,lose,0,0,0,-1,-1,none,-1,-1,none
6,2,Неизвестен,unknown,-1,-0.01,25,К,Н,0,lose,0,1,0,Б,К,lose,-1,-1,none
6,3,Неизвестен,unknown,-1,-0.01,25,Н,К,1,win,0,2,0,К,Н,lose,Б,К,lose
6,4,Неизвестен,unknown,-1,-0.01,25,К,К,1,draw,1,2,0,Н,К,win,К,Н,lose
6,5,Неизвестен,unknown,-1,-0.01,25,К,Б,1,win,1,2,1,К,К,draw,Н,К,win
6,6,Неизвестен,unknown,-1,-0.01,25,К,Б,1,win,2,2,0,К,Б,win,К,К,draw
7,1,Неизвестен,<=5,0,0.0,25,К,К,0,draw,0,0,0,-1,-1,none,-1,-1,none
7,2,Неизвестен,<=5,0,0.0,25,К,К,0,draw,0,0,1,К,К,draw,-1,-1,none
7,3,Неизвестен,<=5,0,0.0,25,Н,К,0,win,0,0,2,К,К,draw,К,К,draw
7,4,Неизвестен,<=5,0,0.0,25,Б,К,0,lose,1,0,0,Н,К,win,К,К,draw
7,5,Неизвестен,<=5,0,0.0,25,Б,Н,0,win,1,1,0,Б,К,lose,Н,К,win
7,6,Неизвестен,<=5,0,0.0,25,Б,Н,1,win,2,1,0,Б,Н,win,Б,К,lose
8,1,Неизвестен,21-100,36,-0.01,25,Н,Б,0,lose,0,0,0,-1,-1,none,-1,-1,none
8,2,Неизвестен,21-100,36,-0.01,25,Н,Б,0,lose,0,1,0,Н,Б,lose,-1,-1,none
8,3,Неизвестен,21-100,36,-0.01,25,Б,Б,1,draw,0,2,0,Н,Б,lose,Н,Б,lose
8,4,Неизвестен,21-100,36,-0.01,25,Н,Н,1,draw,0,2,1,Б,Б,draw,Н,Б,lose
8,5,Неизвестен,21-100,36,-0.01,25,Б,К,1,lose,0,2,2,Н,Н,draw,Б,Б,draw
9,1,Неизвестен,<=5,0,0.0,25,Н,Б,0,lose,0,0,0,-1,-1,none,-1,-1,none
9,2,Неизвестен,<=5,0,0.0,25,К,К,0,draw,0,1,0,Н,Б,lose,-1,-1,none
9,3,Неизвестен,<=5,0,0.0,25,К,Б,0,win,0,1,1,К,К,draw,Н,Б,lose
9,4,Неизвестен,<=5,0,0.0,25,Н,Б,0,lose,1,1,0,К,Б,win,К,К,draw
9,5,Неизвестен,<=5,0,0.0,25,К,К,1,draw,1,2,0,Н,Б,lose,К,Б,win
9,6,Неизвестен,<=5,0,0.0,25,Н,К,1,win,1,2,1,К,К,draw,Н,Б,lose
9,7,Неизвестен,<=5,0,0.0,25,Б,Н,1,win,2,2,0,Н,К,win,К,К,draw
10,1,Неизвестен,<=5,1,100.0,25,К,К,0,draw,0,0,0,-1,-1,none,-1,-1,none
10,2,Неизвестен,<=5,1,100.0,25,К,Б,0,win,0,0,1,К,К,draw,-1,-1,none
10,3,Неизвестен,<=5,1,100.0,25,Н,Б,0,lose,1,0,0,К,Б,win,К,К,draw
10,4,Неизвестен,<=5,1,100.0,25,Б,Б,0,draw,1,1,0,Н,Б,lose,К,Б,win
10,5,Неизвестен,<=5,1,100.0,25,Б,К,0,lose,1,1,1,Б,Б,draw,Н,Б,lose
10,6,Неизвестен,<=5,1,100.0,25,К,К,1,draw,1,2,0,Б,К,lose,Б,Б,draw
10,7,Неизвестен,<=5,1,100.0,25,Н,К,1,win,1,2,1,К,К,draw,Б,К,lose
10,8,Неизвестен,<=5,1,100.0,25,Н,К,1,win,2,2,0,Н,К,win,К,К,draw
11,1,Неизвестен,<=5,2,33.33,25,Н,К,0,win,0,0,0,-1,-1,none,-1,-1,none
11,2,Неизвестен,<=5,2,33.33,25,Н,Б,0,lose,1,0,0,Н,К,win,-1,-1,none
11,3,Неизвестен,<=5,2,33.33,25,К,Б,0,win,1,1,0,Н,Б,lose,Н,К,win
11,4,Неизвестен,<=5,2,33.33,25,Б,Б,1,draw,2,1,0,К,Б,win,Н,Б,lose
11,5,Неизвестен,<=5,2,33.33,25,Б,Н,1,win,2,1,1,Б,Б,draw,К,Б,win
12,1,Неизвестен,<=5,1,100.0,25,Н,К,0,win,0,0,0,-1,-1,none,-1,-1,none
12,2,Неизвестен,<=5,1,100.0,25,К,К,0,draw,1,0,0,Н,К,win,-1,-1,none
12,3,Неизвестен,<=5,1,100.0,25,К,Б,0,win,1,0,1,К,К,draw,Н,К,win
12,4,Неизвестен,<=5,1,100.0,25,Б,Н,1,win,2,0,0,К,Б,win,К,К,draw
13,1,Неизвестен,<=5,0,0.0,25,К,К,0,draw,0,0,0,-1,-1,none,-1,-1,none
13,2,Неизвестен,<=5,0,0.0,25,Н,К,0,win,0,0,1,К,К,draw,-1,-1,none
13,3,Неизвестен,<=5,0,0.0,25,К,К,0,draw,1,0,0,Н,К,win,К,К,draw
13,4,Неизвестен,<=5,0,0.0,25,К,К,0,draw,1,0,1,К,К,draw,Н,К,win
13,5,Неизвестен,<=5,0,0.0,25,Б,Б,0,draw,1,0,2,К,К,draw,К,К,draw
13,6,Неизвестен,<=5,0,0.0,25,К,Б,0,win,1,0,3,Б,Б,draw,К,К,draw
13,7,Неизвестен,<=5,0,0.0,25,Б,К,1,lose,2,0,0,К,Б,win,Б,Б,draw
13,8,Неизвестен,<=5,0,0.0,25,Н,К,1,win,2,1,0,Б,К,lose,К,Б,win
14,1,Неизвестен,6-20,6,66.67,25,К,К,0,draw,0,0,0,-1,-1,none,-1,-1,none
14,2,Неизвестен,6-20,6,66.67,25,Б,К,0,lose,0,0,1,К,К,draw,-1,-1,none
14,3,Неизвестен,6-20,6,66.67,25,Н,Н,0,draw,0,1,0,Б,К,lose,К,К,draw
14,4,Неизвестен,6-20,6,66.67,25,К,Б,0,win,0,1,1,Н,Н,draw,Б,К,lose
14,5,Неизвестен,6-20,6,66.67,25,Н,Б,0,lose,1,1,0,К,Б,win,Н,Н,draw
14,6,Неизвестен,6-20,6,66.67,25,Б,Б,1,draw,1,2,0,Н,Б,lose,К,Б,win
14,7,Неизвестен,6-20,6,66.67,25,Н,Б,1,lose,1,2,1,Б,Б,draw,Н,Б,lose
15,1,Неизвестен,<=5,3,75.0,25,К,Б,0,win,0,0,0,-1,-1,none,-1,-1,none
15,2,Неизвестен,<=5,3,75.0,25,К,Б,0,win,1,0,0,К,Б,win,-1,-1,none
15,3,Неизвестен,<=5,3,75.0,25,К,К,1,draw,2,0,0,К,Б,win,К,Б,win
15,4,Неизвестен,<=5,3,75.0,25,К,К,1,draw,2,0,1,К,К,draw,К,Б,win
15,5,Неизвестен,<=5,3,75.0,25,Н,К,1,win,2,0,2,К,К,draw,К,К,draw
16,1,Неизвестен,<=5,0,0.0,25,Н,К,0,win,0,0,0,-1,-1,none,-1,-1,none
16,2,Неизвестен,<=5,0,0.0,25,Б,К,0,lose,1,0,0,Н,К,win,-1,-1,none
16,3,Неизвестен,<=5,0,0.0,25,К,Б,0,win,1,1,0,Б,К,lose,Н,К,win
16,4,Неизвестен,<=5,0,0.0,25,Б,Б,1,draw,2,1,0,К,Б,win,Б,К,lose
16,5,Неизвестен,<=5,0,0.0,25,К,К,1,draw,2,1,1,Б,Б,draw,К,Б,win
16,6,Неизвестен,<=5,0,0.0,25,К,Н,1,lose,2,1,2,К,К,draw,Б,Б,draw
16,7,Неизвестен,<=5,0,0.0,25,Б,Б,1,draw,2,2,0,К,Н,lose,К,К,draw
16,8,Неизвестен,<=5,0,0.0,25,К,К,1,draw,2,2,1,Б,Б,draw,К,Н,lose
16,9,Неизвестен,<=5,0,0.0,25,К,К,1,draw,2,2,2,К,К,draw,Б,Б,draw
16,10,Неизвестен,<=5,0,0.0,25,К,Б,1,win,2,2,3,К,К,draw,К,К,draw
17,1,Неизвестен,<=5,4,80.0,25,Н,К,0,win,0,0,0,-1,-1,none,-1,-1,none
17,2,Неизвестен,<=5,4,80.0,25,Б,Б,0,draw,1,0,0,Н,К,win,-1,-1,none
17,3,Неизвестен,<=5,4,80.0,25,Н,Б,0,lose,1,0,1,Б,Б,draw,Н,К,win
17,4,Неизвестен,<=5,4,80.0,25,К,К,0,draw,1,1,0,Н,Б,lose,Б,Б,draw
17,5,Неизвестен,<=5,4,80.0,25,Б,Б,0,draw,1,1,1,К,К,draw,Н,Б,lose
17,6,Неизвестен,<=5,4,80.0,25,Н,Б,0,lose,1,1,2,Б,Б,draw,К,К,draw
17,7,Неизвестен,<=5,4,80.0,25,К,Б,1,win,1,2,0,Н,Б,lose,Б,Б,draw
17,8,Неизвестен,<=5,4,80.0,25,К,К,1,draw,2,2,0,К,Б,win,Н,Б,lose
17,9,Неизвестен,<=5,4,80.0,25,Б,Б,1,draw,2,2,1,К,К,draw,К,Б,win
17,10,Неизвестен,<=5,4,80.0,25,Н,Б,1,lose,2,2,2,Б,Б,draw,К,К,draw
18,1,Неизвестен,<=5,0,0.0,25,К,К,0,draw,0,0,0,-1,-1,none,-1,-1,none
18,2,Неизвестен,<=5,0,0.0,25,К,К,0,draw,0,0,1,К,К,draw,-1,-1,none
18,3,Неизвестен,<=5,0,0.0,25,К,Н,0,lose,0,0,2,К,К,draw,К,К,draw
18,4,Неизвестен,<=5,0,0.0,25,К,К,0,draw,0,1,0,К,Н,lose,К,К,draw
18,5,Неизвестен,<=5,0,0.0,25,Н,Б,0,lose,0,1,1,К,К,draw,К,Н,lose
18,6,Неизвестен,<=5,0,0.0,25,Н,Б,1,lose,0,2,0,Н,Б,lose,К,К,draw
19,1,Неизвестен,<=5,0,0.0,25,К,К,0,draw,0,0,0,-1,-1,none,-1,-1,none
19,2,Неизвестен,<=5,0,0.0,25,Н,Б,0,lose,0,0,1,К,К,draw,-1,-1,none
19,3,Неизвестен,<=5,0,0.0,25,Б,Б,0,draw,0,1,0,Н,Б,lose,К,К,draw
19,4,Неизвестен,<=5,0,0.0,25,Б,Б,0,draw,0,1,1,Б,Б,draw,Н,Б,lose
19,5,Неизвестен,<=5,0,0.0,25,К,К,0,draw,0,1,2,Б,Б,draw,Б,Б,draw
19,6,Неизвестен,<=5,0,0.0,25,К,К,0,draw,0,1,3,К,К,draw,Б,Б,draw
19,7,Неизвестен,<=5,0,0.0,25,Н,Б,0,lose,0,1,4,К,К,draw,К,К,draw
19,8,Неизвестен,<=5,0,0.0,25,Б,Н,1,win,0,2,0,Н,Б,lose,К,К,draw
19,9,Неизвестен,<=5,0,0.0,25,Б,Н,1,win,1,2,0,Б,Н,win,Н,Б,lose
19,10,Неизвестен,<=5,0,0.0,25,Б,Б,1,draw,2,2,0,Б,Н,win,Б,Н,win
19,11,Неизвестен,<=5,0,0.0,25,К,К,1,draw,2,2,1,Б,Б,draw,Б,Н,win
19,12,Неизвестен,<=5,0,0.0,25,К,К,1,draw,2,2,2,К,К,draw,Б,Б,draw
19,13,Неизвестен,<=5,0,0.0,25,Н,К,1,win,2,2,3,К,К,draw,К,К,draw
20,1,Неизвестен,<=5,1,50.0,25,Н,К,0,win,0,0,0,-1,-1,none,-1,-1,none
20,2,Неизвестен,<=5,1,50.0,25,Б,Н,0,win,1,0,0,Н,К,win,-1,-1,none
20,3,Неизвестен,<=5,1,50.0,25,К,Б,1,win,2,0,0,Б,Н,win,Н,К,win
21,1,Неизвестен,<=5,2,100.0,25,Н,К,0,win,0,0,0,-1,-1,none,-1,-1,none
21,2,Неизвестен,<=5,2,100.0,25,Н,Н,0,draw,1,0,0,Н,К,win,-1,-1,none
21,3,Неизвестен,<=5,2,100.0,25,Б,К,0,lose,1,0,1,Н,Н,draw,Н,К,win
21,4,Неизвестен,<=5,2,100.0,25,Н,Н,0,draw,1,1,0,Б,К,lose,Н,Н,draw
21,5,Неизвестен,<=5,2,100.0,25,Н,К,0,win,1,1,1,Н,Н,draw,Б,К,lose
21,6,Неизвестен,<=5,2,100.0,25,Б,Б,1,draw,2,1,0,Н,К,win,Н,Н,draw
21,7,Неизвестен,<=5,2,100.0,25,К,Б,1,win,2,1,1,Б,Б,draw,Н,К,win
22,1,Неизвестен,<=5,4,80.0,25,Н,К,0,win,0,0,0,-1,-1,none,-1,-1,none
22,2,Неизвестен,<=5,4,80.0,25,К,Н,0,lose,1,0,0,Н,К,win,-1,-1,none
22,3,Неизвестен,<=5,4,80.0,25,К,Б,0,win,1,1,0,К,Н,lose,Н,К,win
22,4,Неизвестен,<=5,4,80.0,25,Н,Б,1,lose,2,1,0,К,Б,win,К,Н,lose
22,5,Неизвестен,<=5,4,80.0,25,К,Н,1,lose,2,2,0,Н,Б,lose,К,Б,win
23,1,Неизвестен,<=5,0,0.0,25,Н,К,0,win,0,0,0,-1,-1,none,-1,-1,none
23,2,Неизвестен,<=5,0,0.0,25,Н,Н,0,draw,1,0,0,Н,К,win,-1,-1,none
23,3,Неизвестен,<=5,0,0.0,25,Б,Н,0,win,1,0,1,Н,Н,draw,Н,К,win
23,4,Неизвестен,<=5,0,0.0,25,Б,Н,1,win,2,0,0,Б,Н,win,Н,Н,draw
24,1,Неизвестен,unknown,-1,-0.01,25,К,К,0,draw,0,0,0,-1,-1,none,-1,-1,none
24,2,Неизвестен,unknown,-1,-0.01,25,К,Б,0,win,0,0,1,К,К,draw,-1,-1,none
24,3,Неизвестен,unknown,-1,-0.01,25,Н,Б,0,lose,1,0,0,К,Б,win,К,К,draw
24,4,Неизвестен,unknown,-1,-0.01,25,К,К,0,draw,1,1,0,Н,Б,lose,К,Б,win
24,5,Неизвестен,unknown,-1,-0.01,25,Н,К,0,win,1,1,1,К,К,draw,Н,Б,lose
24,6,Неизвестен,unknown,-1,-0.01,25,Б,Б,1,draw,2,1,0,Н,К,win,К,К,draw
24,7,Неизвестен,unknown,-1,-0.01,25,Б,Н,1,win,2,1,1,Б,Б,draw,Н,К,win
25,1,Неизвестен,21-100,24,54.55,25,К,К,0,draw,0,0,0,-1,-1,none,-1,-1,none
25,2,Неизвестен,21-100,24,54.55,25,К,Б,0,win,0,0,1,К,К,draw,-1,-1,none
25,3,Неизвестен,21-100,24,54.55,25,К,К,0,draw,1,0,0,К,Б,win,К,К,draw
25,4,Неизвестен,21-100,24,54.55,25,Н,К,0,win,1,0,1,К,К,draw,К,Б,win
25,5,Неизвестен,21-100,24,54.55,25,Б,Б,1,draw,2,0,0,Н,К,win,К,К,draw
25,6,Неизвестен,21-100,24,54.55,25,К,Б,1,win,2,0,1,Б,Б,draw,Н,К,win
26,1,Неизвестен,<=5,0,0.0,50,К,К,0,draw,0,0,0,-1,-1,none,-1,-1,none
26,2,Неизвестен,<=5,0,0.0,50,К,К,0,draw,0,0,1,К,К,draw,-1,-1,none
26,3,Неизвестен,<=5,0,0.0,50,К,Б,0,win,0,0,2,К,К,draw,К,К,draw
26,4,Неизвестен,<=5,0,0.0,50,К,Б,0,win,1,0,0,К,Б,win,К,К,draw
26,5,Неизвестен,<=5,0,0.0,50,Н,К,1,win,2,0,0,К,Б,win,К,Б,win
27,1,Неизвестен,<=5,0,0.0,50,Б,К,0,lose,0,0,0,-1,-1,none,-1,-1,none
27,2,Неизвестен,<=5,0,0.0,50,Н,Б,0,lose,0,1,0,Б,К,lose,-1,-1,none
27,3,Неизвестен,<=5,0,0.0,50,К,Н,1,lose,0,2,0,Н,Б,lose,Б,К,lose
28,1,Неизвестен,<=5,0,0.0,25,Н,К,0,win,0,0,0,-1,-1,none,-1,-1,none
28,2,Неизвестен,<=5,0,0.0,25,Н,Н,0,draw,1,0,0,Н,К,win,-1,-1,none
28,3,Неизвестен,<=5,0,0.0,25,К,Н,0,lose,1,0,1,Н,Н,draw,Н,К,win
28,4,Неизвестен,<=5,0,0.0,25,Н,К,0,win,1,1,0,К,Н,lose,Н,Н,draw
28,5,Неизвестен,<=5,0,0.0,25,Б,Б,1,draw,2,1,0,Н,К,win,К,Н,lose
28,6,Неизвестен,<=5,0,0.0,25,Н,Б,1,lose,2,1,1,Б,Б,draw,Н,К,win
28,7,Неизвестен,<=5,0,0.0,25,К,Б,1,win,2,2,0,Н,Б,lose,Б,Б,draw
29,1,Неизвестен,<=5,0,0.0,25,Б,К,0,lose,0,0,0,-1,-1,none,-1,-1,none
29,2,Неизвестен,<=5,0,0.0,25,К,Б,0,win,0,1,0,Б,К,lose,-1,-1,none
29,3,Неизвестен,<=5,0,0.0,25,К,Б,0,win,1,1,0,К,Б,win,Б,К,lose
29,4,Неизвестен,<=5,0,0.0,25,Б,Б,1,draw,2,1,0,К,Б,win,К,Б,win
29,5,Неизвестен,<=5,0,0.0,25,Б,К,1,lose,2,1,1,Б,Б,draw,К,Б,win
29,6,Неизвестен,<=5,0,0.0,25,Б,Н,1,win,2,2,0,Б,К,lose,Б,Б,draw
30,1,Неизвестен,<=5,0,0.0,25,К,К,0,draw,0,0,0,-1,-1,none,-1,-1,none
30,2,Неизвестен,<=5,0,0.0,25,Н,Б,0,lose,0,0,1,К,К,draw,-1,-1,none
30,3,Неизвестен,<=5,0,0.0,25,Б,Н,0,win,0,1,0,Н,Б,lose,К,К,draw
30,4,Неизвестен,<=5,0,0.0,25,К,Н,0,lose,1,1,0,Б,Н,win,Н,Б,lose
30,5,Неизвестен,<=5,0,0.0,25,Б,К,1,lose,1,2,0,К,Н,lose,Б,Н,win
31,1,Неизвестен,<=5,0,0.0,25,Н,К,0,win,0,0,0,-1,-1,none,-1,-1,none
31,2,Неизвестен,<=5,0,0.0,25,К,К,0,draw,1,0,0,Н,К,win,-1,-1,none
31,3,Неизвестен,<=5,0,0.0,25,Б,Б,0,draw,1,0,1,К,К,draw,Н,К,win
31,4,Неизвестен,<=5,0,0.0,25,К,Н,0,lose,1,0,2,Б,Б,draw,К,К,draw
31,5,Неизвестен,<=5,0,0.0,25,Б,Б,0,draw,1,1,0,К,Н,lose,Б,Б,draw
31,6,Неизвестен,<=5,0,0.0,25,Н,Б,0,lose,1,1,1,Б,Б,draw,К,Н,lose
31,7,Неизвестен,<=5,0,0.0,25,К,Б,1,win,1,2,0,Н,Б,lose,Б,Б,draw
31,8,Неизвестен,<=5,0,0.0,25,Б,Н,1,win,2,2,0,К,Б,win,Н,Б,lose
32,1,Неизвестен,<=5,2,1.0,25,Н,К,0,win,0,0,0,-1,-1,none,-1,-1,none
32,2,Неизвестен,<=5,2,1.0,25,К,К,0,draw,1,0,0,Н,К,win,-1,-1,none
32,3,Неизвестен,<=5,2,1.0,25,Б,Н,0,win,1,0,1,К,К,draw,Н,К,win
32,4,Неизвестен,<=5,2,1.0,25,Б,К,1,lose,2,0,0,Б,Н,win,К,К,draw
32,5,Неизвестен,<=5,2,1.0,25,К,Н,1,lose,2,1,0,Б,К,lose,Б,Н,win
32,6,Неизвестен,<=5,2,1.0,25,Б,К,1,lose,2,2,0,К,Н,lose,Б,К,lose
33,1,Неизвестен,<=5,1,0.5,25,К,К,0,draw,0,0,0,-1,-1,none,-1,-1,none
33,2,Неизвестен,<=5,1,0.5,25,К,Б,0,win,0,0,1,К,К,draw,-1,-1,none
33,3,Неизвестен,<=5,1,0.5,25,Н,К,0,win,1,0,0,К,Б,win,К,К,draw
33,4,Неизвестен,<=5,1,0.5,25,Б,Б,1,draw,2,0,0,Н,К,win,К,Б,win
33,5,Неизвестен,<=5,1,0.5,25,К,Б,1,win,2,0,1,Б,Б,draw,Н,К,win
34,1,Неизвестен,<=5,2,0.6667000000000001,25,Б,К,0,lose,0,0,0,-1,-1,none,-1,-1,none
34,2,Неизвестен,<=5,2,0.6667000000000001,25,К,Б,0,win,0,1,0,Б,К,lose,-1,-1,none
34,3,Неизвестен,<=5,2,0.6667000000000001,25,Б,Б,0,draw,1,1,0,К,Б,win,Б,К,lose
34,4,Неизвестен,<=5,2,0.6667000000000001,25,Н,Н,0,draw,1,1,1,Б,Б,draw,К,Б,win
34,5,Неизвестен,<=5,2,0.6667000000000001,25,К,Н,0,lose,1,1,2,Н,Н,draw,Б,Б,draw
34,6,Неизвестен,<=5,2,0.6667000000000001,25,Б,Н,1,win,1,2,0,К,Н,lose,Н,Н,draw
34,7,Неизвестен,<=5,2,0.6667000000000001,25,Н,Н,1,draw,2,2,0,Б,Н,win,К,Н,lose
34,8,Неизвестен,<=5,2,0.6667000000000001,25,К,Н,1,lose,2,2,1,Н,Н,draw,Б,Н,win
35,1,Неизвестен,<=5,1,1.0,25,Н,К,0,win,0,0,0,-1,-1,none,-1,-1,none
35,2,Неизвестен,<=5,1,1.0,25,Н,К,0,win,1,0,0,Н,К,win,-1,-1,none
35,3,Неизвестен,<=5,1,1.0,25,Б,К,1,lose,2,0,0,Н,К,win,Н,К,win
35,4,Неизвестен,<=5,1,1.0,25,К,К,1,draw,2,1,0,Б,К,lose,Н,К,win
35,5,Неизвестен,<=5,1,1.0,25,Н,Н,1,draw,2,1,1,К,К,draw,Б,К,lose
35,6,Неизвестен,<=5,1,1.0,25,К,К,1,draw,2,1,2,Н,Н,draw,К,К,draw
35,7,Неизвестен,<=5,1,1.0,25,Б,К,1,lose,2,1,3,К,К,draw,Н,Н,draw
35,8,Неизвестен,<=5,1,1.0,25,К,К,1,draw,2,2,0,Б,К,lose,К,К,draw
35,9,Неизвестен,<=5,1,1.0,25,К,Н,1,lose,2,2,1,К,К,draw,Б,К,lose
36,1,Неизвестен,unknown,-1,-0.01,25,Н,К,0,win,0,0,0,-1,-1,none,-1,-1,none
36,2,Неизвестен,unknown,-1,-0.01,25,К,К,0,draw,1,0,0,Н,К,win,-1,-1,none
36,3,Неизвестен,unknown,-1,-0.01,25,Б,Н,0,win,1,0,1,К,К,draw,Н,К,win
36,4,Неизвестен,unknown,-1,-0.01,25,Б,Н,1,win,2,0,0,Б,Н,win,К,К,draw
37,1,Неизвестен,<=5,0,0.5,25,К,К,0,draw,0,0,0,-1,-1,none,-1,-1,none
37,2,Неизвестен,<=5,0,0.5,25,Н,Б,0,lose,0,0,1,К,К,draw,-1,-1,none
37,3,Неизвестен,<=5,0,0.5,25,Б,Н,0,win,0,1,0,Н,Б,lose,К,К,draw
37,4,Неизвестен,<=5,0,0.5,25,Н,Б,0,lose,1,1,0,Б,Н,win,Н,Б,lose
37,5,Неизвестен,<=5,0,0.5,25,К,Н,1,lose,1,2,0,Н,Б,lose,Б,Н,win
38,1,Неизвестен,<=5,1,0.5,25,Н,К,0,win,0,0,0,-1,-1,none,-1,-1,none
38,2,Неизвестен,<=5,1,0.5,25,Н,К,0,win,1,0,0,Н,К,win,-1,-1,none
38,3,Неизвестен,<=5,1,0.5,25,Н,Н,1,draw,2,0,0,Н,К,win,Н,К,win
38,4,Неизвестен,<=5,1,0.5,25,Н,К,1,win,2,0,1,Н,Н,draw,Н,К,win
39,1,Неизвестен,<=5,1,0.5,25,К,К,0,draw,0,0,0,-1,-1,none,-1,-1,none
39,2,Неизвестен,<=5,1,0.5,25,К,К,0,draw,0,0,1,К,К,draw,-1,-1,none
39,3,Неизвестен,<=5,1,0.5,25,Н,Б,0,lose,0,0,2,К,К,draw,К,К,draw
39,4,Неизвестен,<=5,1,0.5,25,К,Б,0,win,0,1,0,Н,Б,lose,К,К,draw
39,5,Неизвестен,<=5,1,0.5,25,Н,К,0,win,1,1,0,К,Б,win,Н,Б,lose
39,6,Неизвестен,<=5,1,0.5,25,Б,Н,1,win,2,1,0,Н,К,win,К,Б,win
40,1,Неизвестен,<=5,0,0.0,50,Б,К,0,lose,0,0,0,-1,-1,none,-1,-1,none
40,2,Неизвестен,<=5,0,0.0,50,Б,Б,0,draw,0,1,0,Б,К,lose,-1,-1,none
40,3,Неизвестен,<=5,0,0.0,50,Н,К,0,win,0,1,1,Б,Б,draw,Б,К,lose
40,4,Неизвестен,<=5,0,0.0,50,Б,Н,0,win,1,1,0,Н,К,win,Б,Б,draw
40,5,Неизвестен,<=5,0,0.0,50,Б,К,1,lose,2,1,0,Б,Н,win,Н,К,win
40,6,Неизвестен,<=5,0,0.0,50,К,К,1,draw,2,2,0,Б,К,lose,Б,Н,win
40,7,Неизвестен,<=5,0,0.0,50,Б,Н,1,win,2,2,1,К,К,draw,Б,К,lose
41,1,Неизвестен,<=5,0,0.0,25,К,К,0,draw,0,0,0,-1,-1,none,-1,-1,none
41,2,Неизвестен,<=5,0,0.0,25,К,К,0,draw,0,0,1,К,К,draw,-1,-1,none
41,3,Неизвестен,<=5,0,0.0,25,Б,К,0,lose,0,0,2,К,К,draw,К,К,draw
41,4,Неизвестен,<=5,0,0.0,25,К,Б,0,win,0,1,0,Б,К,lose,К,К,draw
41,5,Неизвестен,<=5,0,0.0,25,Б,Н,0,win,1,1,0,К,Б,win,Б,К,lose
41,6,Неизвестен,<=5,0,0.0,25,К,К,1,draw,2,1,0,Б,Н,win,К,Б,win
41,7,Неизвестен,<=5,0,0.0,25,К,К,1,draw,2,1,1,К,К,draw,Б,Н,win
41,8,Неизвестен,<=5,0,0.0,25,Б,К,1,lose,2,1,2,К,К,draw,К,К,draw
41,9,Неизвестен,<=5,0,0.0,25,К,К,1,draw,2,2,0,Б,К,lose,К,К,draw
41,10,Неизвестен,<=5,0,0.0,25,Б,Б,1,draw,2,2,1,К,К,draw,Б,К,lose
41,11,Неизвестен,<=5,0,0.0,25,К,Б,1,win,2,2,2,Б,Б,draw,К,К,draw
42,1,Неизвестен,<=5,2,0.5,25,Н,К,0,win,0,0,0,-1,-1,none,-1,-1,none
42,2,Неизвестен,<=5,2,0.5,25,К,К,0,draw,1,0,0,Н,К,win,-1,-1,none
42,3,Неизвестен,<=5,2,0.5,25,Н,Б,0,lose,1,0,1,К,К,draw,Н,К,win
42,4,Неизвестен,<=5,2,0.5,25,Б,К,0,lose,1,1,0,Н,Б,lose,К,К,draw
42,5,Неизвестен,<=5,2,0.5,25,Б,К,1,lose,1,2,0,Б,К,lose,Н,Б,lose
43,1,Неизвестен,<=5,0,0.0,25,Н,К,0,win,0,0,0,-1,-1,none,-1,-1,none
43,2,Неизвестен,<=5,0,0.0,25,К,К,0,draw,1,0,0,Н,К,win,-1,-1,none
43,3,Неизвестен,<=5,0,0.0,25,К,Н,0,lose,1,0,1,К,К,draw,Н,К,win
43,4,Неизвестен,<=5,0,0.0,25,Б,К,0,lose,1,1,0,К,Н,lose,К,К,draw
43,5,Неизвестен,<=5,0,0.0,25,К,Н,1,lose,1,2,0,Б,К,lose,К,Н,lose
44,1,Неизвестен,<=5,3,0.3,25,К,К,0,draw,0,0,0,-1,-1,none,-1,-1,none
44,2,Неизвестен,<=5,3,0.3,25,К,К,0,draw,0,0,1,К,К,draw,-1,-1,none
44,3,Неизвестен,<=5,3,0.3,25,К,К,0,draw,0,0,2,К,К,draw,К,К,draw
44,4,Неизвестен,<=5,3,0.3,25,К,Б,0,win,0,0,3,К,К,draw,К,К,draw
44,5,Неизвестен,<=5,3,0.3,25,К,К,0,draw,1,0,0,К,Б,win,К,К,draw
44,6,Неизвестен,<=5,3,0.3,25,К,К,0,draw,1,0,1,К,К,draw,К,Б,win
44,7,Неизвестен,<=5,3,0.3,25,К,К,0,draw,1,0,2,К,К,draw,К,К,draw
44,8,Неизвестен,<=5,3,0.3,25,Б,К,0,lose,1,0,3,К,К,draw,К,К,draw
44,9,Неизвестен,<=5,3,0.3,25,К,Б,0,win,1,1,0,Б,К,lose,К,К,draw
44,10,Неизвестен,<=5,3,0.3,25,К,Б,1,win,2,1,0,К,Б,win,Б,К,lose
45,1,Неизвестен,6-20,6,0.6667000000000001,25,Н,К,0,win,0,0,0,-1,-1,none,-1,-1,none
45,2,Неизвестен,6-20,6,0.6667000000000001,25,Б,К,0,lose,1,0,0,Н,К,win,-1,-1,none
45,3,Неизвестен,6-20,6,0.6667000000000001,25,Б,Б,0,draw,1,1,0,Б,К,lose,Н,К,win
45,4,Неизвестен,6-20,6,0.6667000000000001,25,Б,Н,0,win,1,1,1,Б,Б,draw,Б,К,lose
45,5,Неизвестен,6-20,6,0.6667000000000001,25,Н,К,1,win,2,1,0,Б,Н,win,Б,Б,draw
46,1,Неизвестен,<=5,0,0.0,25,Н,К,0,win,0,0,0,-1,-1,none,-1,-1,none
46,2,Неизвестен,<=5,0,0.0,25,Н,К,0,win,1,0,0,Н,К,win,-1,-1,none
46,3,Неизвестен,<=5,0,0.0,25,Н,Н,1,draw,2,0,0,Н,К,win,Н,К,win
46,4,Неизвестен,<=5,0,0.0,25,К,К,1,draw,2,0,1,Н,Н,draw,Н,К,win
46,5,Неизвестен,<=5,0,0.0,25,К,К,1,draw,2,0,2,К,К,draw,Н,Н,draw
46,6,Неизвестен,<=5,0,0.0,25,Н,К,1,win,2,0,3,К,К,draw,К,К,draw
47,1,Неизвестен,<=5,0,0.0,25,Н,К,0,win,0,0,0,-1,-1,none,-1,-1,none
47,2,Неизвестен,<=5,0,0.0,25,Н,К,0,win,1,0,0,Н,К,win,-1,-1,none
47,3,Неизвестен,<=5,0,0.0,25,К,Н,1,lose,2,0,0,Н,К,win,Н,К,win
47,4,Неизвестен,<=5,0,0.0,25,Б,К,1,lose,2,1,0,К,Н,lose,Н,К,win
47,5,Неизвестен,<=5,0,0.0,25,Н,Н,1,draw,2,2,0,Б,К,lose,К,Н,lose
47,6,Неизвестен,<=5,0,0.0,25,К,Н,1,lose,2,2,1,Н,Н,draw,Б,К,lose
48,1,Неизвестен,<=5,1,1.0,25,К,К,0,draw,0,0,0,-1,-1,none,-1,-1,none
48,2,Неизвестен,<=5,1,1.0,25,Н,К,0,win,0,0,1,К,К,draw,-1,-1,none
48,3,Неизвестен,<=5,1,1.0,25,Б,К,0,lose,1,0,0,Н,К,win,К,К,draw
48,4,Неизвестен,<=5,1,1.0,25,Н,Б,0,lose,1,1,0,Б,К,lose,Н,К,win
48,5,Неизвестен,<=5,1,1.0,25,Б,Н,1,win,1,2,0,Н,Б,lose,Б,К,lose
48,6,Неизвестен,<=5,1,1.0,25,К,Н,1,lose,2,2,0,Б,Н,win,Н,Б,lose
49,1,Неизвестен,<=5,0,0.0,25,К,К,0,draw,0,0,0,-1,-1,none,-1,-1,none
49,2,Неизвестен,<=5,0,0.0,25,Б,К,0,lose,0,0,1,К,К,draw,-1,-1,none
49,3,Неизвестен,<=5,0,0.0,25,К,К,0,draw,0,1,0,Б,К,lose,К,К,draw
49,4,Неизвестен,<=5,0,0.0,25,Б,Н,0,win,0,1,1,К,К,draw,Б,К,lose
49,5,Неизвестен,<=5,0,0.0,25,К,Б,0,win,1,1,0,Б,Н,win,К,К,draw
49,6,Неизвестен,<=5,0,0.0,25,Н,К,1,win,2,1,0,К,Б,win,Б,Н,win
50,1,Неизвестен,<=5,0,0.0,25,К,К,0,draw,0,0,0,-1,-1,none,-1,-1,none
50,2,Неизвестен,<=5,0,0.0,25,Н,К,0,win,0,0,1,К,К,draw,-1,-1,none
50,3,Неизвестен,<=5,0,0.0,25,К,Б,0,win,1,0,0,Н,К,win,К,К,draw
50,4,Неизвестен,<=5,0,0.0,25,Н,К,1,win,2,0,0,К,Б,win,Н,К,win
51,1,Неизвестен,<=5,1,1.0,25,Н,К,0,win,0,0,0,-1,-1,none,-1,-1,none
51,2,Неизвестен,<=5,1,1.0,25,Н,К,0,win,1,0,0,Н,К,win,-1,-1,none
51,3,Неизвестен,<=5,1,1.0,25,К,К,1,draw,2,0,0,Н,К,win,Н,К,win
51,4,Неизвестен,<=5,1,1.0,25,Б,К,1,lose,2,0,1,К,К,draw,Н,К,win
51,5,Неизвестен,<=5,1,1.0,25,Б,Н,1,win,2,1,0,Б,К,lose,К,К,draw
52,1,Неизвестен,<=5,2,0.6667000000000001,25,К,К,0,draw,0,0,0,-1,-1,none,-1,-1,none
52,2,Неизвестен,<=5,2,0.6667000000000001,25,Н,К,0,win,0,0,1,К,К,draw,-1,-1,none
52,3,Неизвестен,<=5,2,0.6667000000000001,25,Б,Б,0,draw,1,0,0,Н,К,win,К,К,draw
52,4,Неизвестен,<=5,2,0.6667000000000001,25,К,Б,0,win,1,0,1,Б,Б,draw,Н,К,win
52,5,Неизвестен,<=5,2,0.6667000000000001,25,К,К,1,draw,2,0,0,К,Б,win,Б,Б,draw
52,6,Неизвестен,<=5,2,0.6667000000000001,25,Н,Н,1,draw,2,0,1,К,К,draw,К,Б,win
52,7,Неизвестен,<=5,2,0.6667000000000001,25,Б,Н,1,win,2,0,2,Н,Н,draw,К,К,draw
53,1,Неизвестен,<=5,1,1.0,25,К,К,0,draw,0,0,0,-1,-1,none,-1,-1,none
53,2,Неизвестен,<=5,1,1.0,25,Б,К,0,lose,0,0,1,К,К,draw,-1,-1,none
53,3,Неизвестен,<=5,1,1.0,25,К,К,0,draw,0,1,0,Б,К,lose,К,К,draw
53,4,Неизвестен,<=5,1,1.0,25,Б,Н,0,win,0,1,1,К,К,draw,Б,К,lose
53,5,Неизвестен,<=5,1,1.0,25,Б,Б,0,draw,1,1,0,Б,Н,win,К,К,draw
53,6,Неизвестен,<=5,1,1.0,25,К,Б,0,win,1,1,1,Б,Б,draw,Б,Н,win
53,7,Неизвестен,<=5,1,1.0,25,К,К,1,draw,2,1,0,К,Б,win,Б,Б,draw
53,8,Неизвестен,<=5,1,1.0,25,К,К,1,draw,2,1,1,К,К,draw,К,Б,win
53,9,Неизвестен,<=5,1,1.0,25,К,Б,1,win,2,1,2,К,К,draw,К,К,draw
54,1,Неизвестен,<=5,0,0.0,25,Б,К,0,lose,0,0,0,-1,-1,none,-1,-1,none
54,2,Неизвестен,<=5,0,0.0,25,Н,Б,0,lose,0,1,0,Б,К,lose,-1,-1,none
54,3,Неизвестен,<=5,0,0.0,25,Н,Б,1,lose,0,2,0,Н,Б,lose,Б,К,lose
55,1,Неизвестен,<=5,1,0.5,25,Б,К,0,lose,0,0,0,-1,-1,none,-1,-1,none
55,2,Неизвестен,<=5,1,0.5,25,К,Б,0,win,0,1,0,Б,К,lose,-1,-1,none
55,3,Неизвестен,<=5,1,0.5,25,Н,Б,0,lose,1,1,0,К,Б,win,Б,К,lose
55,4,Неизвестен,<=5,1,0.5,25,Н,Н,1,draw,1,2,0,Н,Б,lose,К,Б,win
55,5,Неизвестен,<=5,1,0.5,25,К,К,1,draw,1,2,1,Н,Н,draw,Н,Б,lose
55,6,Неизвестен,<=5,1,0.5,25,Б,Н,1,win,1,2,2,К,К,draw,Н,Н,draw
55,7,Неизвестен,<=5,1,0.5,25,Н,Н,1,draw,2,2,0,Б,Н,win,К,К,draw
55,8,Неизвестен,<=5,1,0.5,25,К,Б,1,win,2,2,1,Н,Н,draw,Б,Н,win
56,1,Неизвестен,<=5,0,0.0,25,К,К,0,draw,0,0,0,-1,-1,none,-1,-1,none
56,2,Неизвестен,<=5,0,0.0,25,Н,К,0,win,0,0,1,К,К,draw,-1,-1,none
56,3,Неизвестен,<=5,0,0.0,25,К,Б,0,win,1,0,0,Н,К,win,К,К,draw
56,4,Неизвестен,<=5,0,0.0,25,Б,К,1,lose,2,0,0,К,Б,win,Н,К,win
56,5,Неизвестен,<=5,0,0.0,25,К,К,1,draw,2,1,0,Б,К,lose,К,Б,win
56,6,Неизвестен,<=5,0,0.0,25,Б,К,1,lose,2,1,1,К,К,draw,Б,К,lose
56,7,Неизвестен,<=5,0,0.0,25,Б,Н,1,win,2,2,0,Б,К,lose,К,К,draw
57,1,Неизвестен,unknown,-1,-0.01,25,К,К,0,draw,0,0,0,-1,-1,none,-1,-1,none
57,2,Неизвестен,unknown,-1,-0.01,25,Б,К,0,lose,0,0,1,К,К,draw,-1,-1,none
57,3,Неизвестен,unknown,-1,-0.01,25,К,К,0,draw,0,1,0,Б,К,lose,К,К,draw
57,4,Неизвестен,unknown,-1,-0.01,25,Н,Н,0,draw,0,1,1,К,К,draw,Б,К,lose
57,5,Неизвестен,unknown,-1,-0.01,25,К,Б,0,win,0,1,2,Н,Н,draw,К,К,draw
57,6,Неизвестен,unknown,-1,-0.01,25,Б,Н,0,win,1,1,0,К,Б,win,Н,Н,draw
57,7,Неизвестен,unknown,-1,-0.01,25,К,К,1,draw,2,1,0,Б,Н,win,К,Б,win
57,8,Неизвестен,unknown,-1,-0.01,25,К,Н,1,lose,2,1,1,К,К,draw,Б,Н,win
57,9,Неизвестен,unknown,-1,-0.01,25,Н,Б,1,lose,2,2,0,К,Н,lose,К,К,draw
58,1,Неизвестен,<=5,1,0.5,25,К,К,0,draw,0,0,0,-1,-1,none,-1,-1,none
58,2,Неизвестен,<=5,1,0.5,25,Б,К,0,lose,0,0,1,К,К,draw,-1,-1,none
58,3,Неизвестен,<=5,1,0.5,25,К,К,0,draw,0,1,0,Б,К,lose,К,К,draw
58,4,Неизвестен,<=5,1,0.5,25,Б,Н,0,win,0,1,1,К,К,draw,Б,К,lose
58,5,Неизвестен,<=5,1,0.5,25,К,Н,0,lose,1,1,0,Б,Н,win,К,К,draw
58,6,Неизвестен,<=5,1,0.5,25,К,Н,1,lose,1,2,0,К,Н,lose,Б,Н,win
59,1,Неизвестен,<=5,1,1.0,25,Н,К,0,win,0,0,0,-1,-1,none,-1,-1,none
59,2,Неизвестен,<=5,1,1.0,25,Н,К,0,win,1,0,0,Н,К,win,-1,-1,none
59,3,Неизвестен,<=5,1,1.0,25,Н,К,1,win,2,0,0,Н,К,win,Н,К,win
60,1,Неизвестен,<=5,3,1.0,25,Н,К,0,win,0,0,0,-1,-1,none,-1,-1,none
60,2,Неизвестен,<=5,3,1.0,25,Б,К,0,lose,1,0,0,Н,К,win,-1,-1,none
60,3,Неизвестен,<=5,3,1.0,25,Н,Б,0,lose,1,1,0,Б,К,lose,Н,К,win
60,4,Неизвестен,<=5,3,1.0,25,Б,Н,1,win,1,2,0,Н,Б,lose,Б,К,lose
60,5,Неизвестен,<=5,3,1.0,25,К,Б,1,win,2,2,0,Б,Н,win,Н,Б,lose
61,1,Неизвестен,<=5,3,0.75,25,К,К,0,draw,0,0,0,-1,-1,none,-1,-1,none
61,2,Неизвестен,<=5,3,0.75,25,К,К,0,draw,0,0,1,К,К,draw,-1,-1,none
61,3,Неизвестен,<=5,3,0.75,25,Б,К,0,lose,0,0,2,К,К,draw,К,К,draw
61,4,Неизвестен,<=5,3,0.75,25,К,Б,0,win,0,1,0,Б,К,lose,К,К,draw
61,5,Неизвестен,<=5,3,0.75,25,Б,Б,0,draw,1,1,0,К,Б,win,Б,К,lose
61,6,Неизвестен,<=5,3,0.75,25,Н,Б,0,lose,1,1,1,Б,Б,draw,К,Б,win
61,7,Неизвестен,<=5,3,0.75,25,К,Б,1,win,1,2,0,Н,Б,lose,Б,Б,draw
61,8,Неизвестен,<=5,3,0.75,25,Н,К,1,win,2,2,0,К,Б,win,Н,Б,lose
62,1,Неизвестен,<=5,5,1.0,25,Н,К,0,win,0,0,0,-1,-1,none,-1,-1,none
62,2,Неизвестен,<=5,5,1.0,25,Н,К,0,win,1,0,0,Н,К,win,-1,-1,none
62,3,Неизвестен,<=5,5,1.0,25,К,К,1,draw,2,0,0,Н,К,win,Н,К,win
62,4,Неизвестен,<=5,5,1.0,25,Б,Н,1,win,2,0,1,К,К,draw,Н,К,win
63,1,Неизвестен,21-100,46,0.4792,25,Б,К,0,lose,0,0,0,-1,-1,none,-1,-1,none
63,2,Неизвестен,21-100,46,0.4792,25,К,Б,0,win,0,1,0,Б,К,lose,-1,-1,none
63,3,Неизвестен,21-100,46,0.4792,25,К,Б,0,win,1,1,0,К,Б,win,Б,К,lose
63,4,Неизвестен,21-100,46,0.4792,25,Б,К,1,lose,2,1,0,К,Б,win,К,Б,win
63,5,Неизвестен,21-100,46,0.4792,25,К,Н,1,lose,2,2,0,Б,К,lose,К,Б,win
64,1,Неизвестен,<=5,3,0.75,25,К,К,0,draw,0,0,0,-1,-1,none,-1,-1,none
64,2,Неизвестен,<=5,3,0.75,25,Н,К,0,win,0,0,1,К,К,draw,-1,-1,none
64,3,Неизвестен,<=5,3,0.75,25,Н,Б,0,lose,1,0,0,Н,К,win,К,К,draw
64,4,Неизвестен,<=5,3,0.75,25,К,К,0,draw,1,1,0,Н,Б,lose,Н,К,win
64,5,Неизвестен,<=5,3,0.75,25,К,Б,0,win,1,1,1,К,К,draw,Н,Б,lose
64,6,Неизвестен,<=5,3,0.75,25,К,Н,1,lose,2,1,0,К,Б,win,К,К,draw
64,7,Неизвестен,<=5,3,0.75,25,К,К,1,draw,2,2,0,К,Н,lose,К,Б,win
64,8,Неизвестен,<=5,3,0.75,25,Б,Б,1,draw,2,2,1,К,К,draw,К,Н,lose
64,9,Неизвестен,<=5,3,0.75,25,К,К,1,draw,2,2,2,Б,Б,draw,К,К,draw
64,10,Неизвестен,<=5,3,0.75,25,Б,К,1,lose,2,2,3,К,К,draw,Б,Б,draw
65,1,Неизвестен,<=5,0,0.0,25,Н,К,0,win,0,0,0,-1,-1,none,-1,-1,none
65,2,Неизвестен,<=5,0,0.0,25,Н,К,0,win,1,0,0,Н,К,win,-1,-1,none
65,3,Неизвестен,<=5,0,0.0,25,Б,К,1,lose,2,0,0,Н,К,win,Н,К,win
65,4,Неизвестен,<=5,0,0.0,25,К,Н,1,lose,2,1,0,Б,К,lose,Н,К,win
65,5,Неизвестен,<=5,0,0.0,25,К,Б,1,win,2,2,0,К,Н,lose,Б,К,lose
66,1,Неизвестен,<=5,0,0.0,25,К,К,0,draw,0,0,0,-1,-1,none,-1,-1,none
66,2,Неизвестен,<=5,0,0.0,25,К,К,0,draw,0,0,1,К,К,draw,-1,-1,none
66,3,Неизвестен,<=5,0,0.0,25,К,К,0,draw,0,0,2,К,К,draw,К,К,draw
66,4,Неизвестен,<=5,0,0.0,25,К,Б,0,win,0,0,3,К,К,draw,К,К,draw
66,5,Неизвестен,<=5,0,0.0,25,Б,Б,0,draw,1,0,0,К,Б,win,К,К,draw
66,6,Неизвестен,<=5,0,0.0,25,Н,Б,0,lose,1,0,1,Б,Б,draw,К,Б,win
66,7,Неизвестен,<=5,0,0.0,25,К,Б,0,win,1,1,0,Н,Б,lose,Б,Б,draw
66,8,Неизвестен,<=5,0,0.0,25,К,Н,1,lose,2,1,0,К,Б,win,Н,Б,lose
66,9,Неизвестен,<=5,0,0.0,25,Б,Б,1,draw,2,2,0,К,Н,lose,К,Б,win
66,10,Неизвестен,<=5,0,0.0,25,Б,К,1,lose,2,2,1,Б,Б,draw,К,Н,lose
67,1,Неизвестен,<=5,1,0.5,25,Б,К,0,lose,0,0,0,-1,-1,none,-1,-1,none
67,2,Неизвестен,<=5,1,0.5,25,Н,Б,0,lose,0,1,0,Б,К,lose,-1,-1,none
67,3,Неизвестен,<=5,1,0.5,25,К,К,1,draw,0,2,0,Н,Б,lose,Б,К,lose
67,4,Неизвестен,<=5,1,0.5,25,Н,Н,1,draw,0,2,1,К,К,draw,Н,Б,lose
67,5,Неизвестен,<=5,1,0.5,25,Б,Н,1,win,0,2,2,Н,Н,draw,К,К,draw
67,6,Неизвестен,<=5,1,0.5,25,Б,Н,1,win,1,2,0,Б,Н,win,Н,Н,draw
67,7,Неизвестен,<=5,1,0.5,25,Б,Б,1,draw,2,2,0,Б,Н,win,Б,Н,win
67,8,Неизвестен,<=5,1,0.5,25,Б,Н,1,win,2,2,1,Б,Б,draw,Б,Н,win
68,1,Неизвестен,<=5,2,0.6667000000000001,25,К,К,0,draw,0,0,0,-1,-1,none,-1,-1,none
68,2,Неизвестен,<=5,2,0.6667000000000001,25,Б,К,0,lose,0,0,1,К,К,draw,-1,-1,none
68,3,Неизвестен,<=5,2,0.6667000000000001,25,Н,К,0,win,0,1,0,Б,К,lose,К,К,draw
68,4,Неизвестен,<=5,2,0.6667000000000001,25,К,Н,0,lose,1,1,0,Н,К,win,Б,К,lose
68,5,Неизвестен,<=5,2,0.6667000000000001,25,Н,Н,1,draw,1,2,0,К,Н,lose,Н,К,win
68,6,Неизвестен,<=5,2,0.6667000000000001,25,Н,Н,1,draw,1,2,1,Н,Н,draw,К,Н,lose
68,7,Неизвестен,<=5,2,0.6667000000000001,25,К,К,1,draw,1,2,2,Н,Н,draw,Н,Н,draw
68,8,Неизвестен,<=5,2,0.6667000000000001,25,Н,Н,1,draw,1,2,3,К,К,draw,Н,Н,draw
68,9,Неизвестен,<=5,2,0.6667000000000001,25,Б,Н,1,win,1,2,4,Н,Н,draw,К,К,draw
68,10,Неизвестен,<=5,2,0.6667000000000001,25,Б,К,1,lose,2,2,0,Б,Н,win,Н,Н,draw
69,1,Неизвестен,<=5,1,1.0,25,К,К,0,draw,0,0,0,-1,-1,none,-1,-1,none
69,2,Неизвестен,<=5,1,1.0,25,Н,К,0,win,0,0,1,К,К,draw,-1,-1,none
69,3,Неизвестен,<=5,1,1.0,25,Б,Б,0,draw,1,0,0,Н,К,win,К,К,draw
69,4,Неизвестен,<=5,1,1.0,25,Б,Б,0,draw,1,0,1,Б,Б,draw,Н,К,win
69,5,Неизвестен,<=5,1,1.0,25,Б,Б,0,draw,1,0,2,Б,Б,draw,Б,Б,draw
69,6,Неизвестен,<=5,1,1.0,25,Н,К,0,win,1,0,3,Б,Б,draw,Б,Б,draw
69,7,Неизвестен,<=5,1,1.0,25,К,К,1,draw,2,0,0,Н,К,win,Б,Б,draw
69,8,Неизвестен,<=5,1,1.0,25,Б,К,1,lose,2,0,1,К,К,draw,Н,К,win
69,9,Неизвестен,<=5,1,1.0,25,Б,Н,1,win,2,1,0,Б,К,lose,К,К,draw
70,1,Неизвестен,<=5,1,0.5,25,Б,К,0,lose,0,0,0,-1,-1,none,-1,-1,none
70,2,Неизвестен,<=5,1,0.5,25,Б,Б,0,draw,0,1,0,Б,К,lose,-1,-1,none
70,3,Неизвестен,<=5,1,0.5,25,Н,Н,0,draw,0,1,1,Б,Б,draw,Б,К,lose
70,4,Неизвестен,<=5,1,0.5,25,Н,Н,0,draw,0,1,2,Н,Н,draw,Б,Б,draw
70,5,Неизвестен,<=5,1,0.5,25,К,Б,0,win,0,1,3,Н,Н,draw,Н,Н,draw
70,6,Неизвестен,<=5,1,0.5,25,Н,Б,0,lose,1,1,0,К,Б,win,Н,Н,draw
70,7,Неизвестен,<=5,1,0.5,25,Б,Н,1,win,1,2,0,Н,Б,lose,К,Б,win
70,8,Неизвестен,<=5,1,0.5,25,Н,Б,1,lose,2,2,0,Б,Н,win,Н,Б,lose
71,1,Неизвестен,<=5,2,0.6667000000000001,25,Б,К,0,lose,0,0,0,-1,-1,none,-1,-1,none
71,2,Неизвестен,<=5,2,0.6667000000000001,25,К,Б,0,win,0,1,0,Б,К,lose,-1,-1,none
71,3,Неизвестен,<=5,2,0.6667000000000001,25,К,Б,0,win,1,1,0,К,Б,win,Б,К,lose
71,4,Неизвестен,<=5,2,0.6667000000000001,25,Б,Н,1,win,2,1,0,К,Б,win,К,Б,win
72,1,Неизвестен,<=5,0,0.0,25,Н,К,0,win,0,0,0,-1,-1,none,-1,-1,none
72,2,Неизвестен,<=5,0,0.0,25,Н,К,0,win,1,0,0,Н,К,win,-1,-1,none
72,3,Неизвестен,<=5,0,0.0,25,Б,К,1,lose,2,0,0,Н,К,win,Н,К,win
72,4,Неизвестен,<=5,0,0.0,25,Б,Н,1,win,2,1,0,Б,К,lose,Н,К,win
73,1,Неизвестен,<=5,3,1.0,25,Б,К,0,lose,0,0,0,-1,-1,none,-1,-1,none
73,2,Неизвестен,<=5,3,1.0,25,Б,К,0,lose,0,1,0,Б,К,lose,-1,-1,none
73,3,Неизвестен,<=5,3,1.0,25,Б,К,1,lose,0,2,0,Б,К,lose,Б,К,lose
74,1,Неизвестен,<=5,0,0.0,25,Б,К,0,lose,0,0,0,-1,-1,none,-1,-1,none
74,2,Неизвестен,<=5,0,0.0,25,К,Б,0,win,0,1,0,Б,К,lose,-1,-1,none
74,3,Неизвестен,<=5,0,0.0,25,К,Б,0,win,1,1,0,К,Б,win,Б,К,lose
74,4,Неизвестен,<=5,0,0.0,25,К,Н,1,lose,2,1,0,К,Б,win,К,Б,win
74,5,Неизвестен,<=5,0,0.0,25,Н,К,1,win,2,2,0,К,Н,lose,К,Б,win
75,1,Неизвестен,<=5,1,1.0,25,Н,К,0,win,0,0,0,-1,-1,none,-1,-1,none
75,2,Неизвестен,<=5,1,1.0,25,Б,К,0,lose,1,0,0,Н,К,win,-1,-1,none
75,3,Неизвестен,<=5,1,1.0,25,К,Б,0,win,1,1,0,Б,К,lose,Н,К,win
75,4,Неизвестен,<=5,1,1.0,25,Н,Н,1,draw,2,1,0,К,Б,win,Б,К,lose
75,5,Неизвестен,<=5,1,1.0,25,Н,Б,1,lose,2,1,1,Н,Н,draw,К,Б,win
75,6,Неизвестен,<=5,1,1.0,25,К,К,1,draw,2,2,0,Н,Б,lose,Н,Н,draw
75,7,Неизвестен,<=5,1,1.0,25,К,Н,1,lose,2,2,1,К,К,draw,Н,Б,lose
76,1,Неизвестен,6-20,20,0.625,25,К,К,0,draw,0,0,0,-1,-1,none,-1,-1,none
76,2,Неизвестен,6-20,20,0.625,25,Б,К,0,lose,0,0,1,К,К,draw,-1,-1,none
76,3,Неизвестен,6-20,20,0.625,25,К,К,0,draw,0,1,0,Б,К,lose,К,К,draw
76,4,Неизвестен,6-20,20,0.625,25,К,Н,0,lose,0,1,1,К,К,draw,Б,К,lose
76,5,Неизвестен,6-20,20,0.625,25,К,Б,1,win,0,2,0,К,Н,lose,К,К,draw
76,6,Неизвестен,6-20,20,0.625,25,Б,Б,1,draw,1,2,0,К,Б,win,К,Н,lose
76,7,Неизвестен,6-20,20,0.625,25,Н,Н,1,draw,1,2,1,Б,Б,draw,К,Б,win
76,8,Неизвестен,6-20,20,0.625,25,К,Б,1,win,1,2,2,Н,Н,draw,Б,Б,draw
76,9,Неизвестен,6-20,20,0.625,25,К,К,1,draw,2,2,0,К,Б,win,Н,Н,draw
76,10,Неизвестен,6-20,20,0.625,25,К,Б,1,win,2,2,1,К,К,draw,К,Б,win
77,1,Неизвестен,<=5,1,1.0,50,К,К,0,draw,0,0,0,-1,-1,none,-1,-1,none
77,2,Неизвестен,<=5,1,1.0,50,Н,К,0,win,0,0,1,К,К,draw,-1,-1,none
77,3,Неизвестен,<=5,1,1.0,50,К,Б,0,win,1,0,0,Н,К,win,К,К,draw
77,4,Неизвестен,<=5,1,1.0,50,К,Б,1,win,2,0,0,К,Б,win,Н,К,win
78,1,Неизвестен,<=5,0,0.0,50,Н,К,0,win,0,0,0,-1,-1,none,-1,-1,none
78,2,Неизвестен,<=5,0,0.0,50,К,К,0,draw,1,0,0,Н,К,win,-1,-1,none
78,3,Неизвестен,<=5,0,0.0,50,К,Б,0,win,1,0,1,К,К,draw,Н,К,win
78,4,Неизвестен,<=5,0,0.0,50,Б,Н,1,win,2,0,0,К,Б,win,К,К,draw
79,1,Неизвестен,>100,2382,0.5600999999999999,100,К,К,0,draw,0,0,0,-1,-1,none,-1,-1,none
79,2,Неизвестен,>100,2382,0.5600999999999999,100,Б,К,0,lose,0,0,1,К,К,draw,-1,-1,none
79,3,Неизвестен,>100,2382,0.5600999999999999,100,Б,Б,0,draw,0,1,0,Б,К,lose,К,К,draw
79,4,Неизвестен,>100,2382,0.5600999999999999,100,Н,Н,0,draw,0,1,1,Б,Б,draw,Б,К,lose
79,5,Неизвестен,>100,2382,0.5600999999999999,100,К,Н,0,lose,0,1,2,Н,Н,draw,Б,Б,draw
79,6,Неизвестен,>100,2382,0.5600999999999999,100,К,Н,1,lose,0,2,0,К,Н,lose,Н,Н,draw
80,1,Неизвестен,<=5,0,0.0,50,Н,К,0,win,0,0,0,-1,-1,none,-1,-1,none
80,2,Неизвестен,<=5,0,0.0,50,Н,К,0,win,1,0,0,Н,К,win,-1,-1,none
80,3,Неизвестен,<=5,0,0.0,50,К,К,1,draw,2,0,0,Н,К,win,Н,К,win
80,4,Неизвестен,<=5,0,0.0,50,Н,Б,1,lose,2,0,1,К,К,draw,Н,К,win
80,5,Неизвестен,<=5,0,0.0,50,К,Б,1,win,2,1,0,Н,Б,lose,К,К,draw
81,1,Неизвестен,>100,308,0.5404,100,Н,К,0,win,0,0,0,-1,-1,none,-1,-1,none
81,2,Неизвестен,>100,308,0.5404,100,Б,К,0,lose,1,0,0,Н,К,win,-1,-1,none
81,3,Неизвестен,>100,308,0.5404,100,Б,Б,0,draw,1,1,0,Б,К,lose,Н,К,win
81,4,Неизвестен,>100,308,0.5404,100,Б,Н,0,win,1,1,1,Б,Б,draw,Б,К,lose
81,5,Неизвестен,>100,308,0.5404,100,Б,Б,1,draw,2,1,0,Б,Н,win,Б,Б,draw
81,6,Неизвестен,>100,308,0.5404,100,Н,Н,1,draw,2,1,1,Б,Б,draw,Б,Н,win
81,7,Неизвестен,>100,308,0.5404,100,К,Б,1,win,2,1,2,Н,Н,draw,Б,Б,draw
82,1,Неизвестен,<=5,0,0.0,50,Б,К,0,lose,0,0,0,-1,-1,none,-1,-1,none
82,2,Неизвестен,<=5,0,0.0,50,К,Б,0,win,0,1,0,Б,К,lose,-1,-1,none
82,3,Неизвестен,<=5,0,0.0,50,К,Б,0,win,1,1,0,К,Б,win,Б,К,lose
82,4,Неизвестен,<=5,0,0.0,50,Н,Н,1,draw,2,1,0,К,Б,win,К,Б,win
82,5,Неизвестен,<=5,0,0.0,50,Н,Н,1,draw,2,1,1,Н,Н,draw,К,Б,win
82,6,Неизвестен,<=5,0,0.0,50,К,К,1,draw,2,1,2,Н,Н,draw,Н,Н,draw
82,7,Неизвестен,<=5,0,0.0,50,Б,Н,1,win,2,1,3,К,К,draw,Н,Н,draw
83,1,Неизвестен,<=5,1,1.0,50,К,К,0,draw,0,0,0,-1,-1,none,-1,-1,none
83,2,Неизвестен,<=5,1,1.0,50,Н,К,0,win,0,0,1,К,К,draw,-1,-1,none
83,3,Неизвестен,<=5,1,1.0,50,Н,Б,0,lose,1,0,0,Н,К,win,К,К,draw
83,4,Неизвестен,<=5,1,1.0,50,Б,Б,0,draw,1,1,0,Н,Б,lose,Н,К,win
83,5,Неизвестен,<=5,1,1.0,50,Б,Н,0,win,1,1,1,Б,Б,draw,Н,Б,lose
83,6,Неизвестен,<=5,1,1.0,50,К,Б,1,win,2,1,0,Б,Н,win,Б,Б,draw
84,1,Неизвестен,<=5,1,1.0,50,К,К,0,draw,0,0,0,-1,-1,none,-1,-1,none
84,2,Неизвестен,<=5,1,1.0,50,Н,К,0,win,0,0,1,К,К,draw,-1,-1,none
84,3,Неизвестен,<=5,1,1.0,50,К,Б,0,win,1,0,0,Н,К,win,К,К,draw
84,4,Неизвестен,<=5,1,1.0,50,К,Б,1,win,2,0,0,К,Б,win,Н,К,win
85,1,Неизвестен,6-20,9,0.6429,50,К,К,0,draw,0,0,0,-1,-1,none,-1,-1,none
85,2,Неизвестен,6-20,9,0.6429,50,К,К,0,draw,0,0,1,К,К,draw,-1,-1,none
85,3,Неизвестен,6-20,9,0.6429,50,Б,Б,0,draw,0,0,2,К,К,draw,К,К,draw
85,4,Неизвестен,6-20,9,0.6429,50,Б,Б,0,draw,0,0,3,Б,Б,draw,К,К,draw
85,5,Неизвестен,6-20,9,0.6429,50,Н,Н,0,draw,0,0,4,Б,Б,draw,Б,Б,draw
85,6,Неизвестен,6-20,9,0.6429,50,К,К,0,draw,0,0,5,Н,Н,draw,Б,Б,draw
85,7,Неизвестен,6-20,9,0.6429,50,К,Б,0,win,0,0,6,К,К,draw,Н,Н,draw
85,8,Неизвестен,6-20,9,0.6429,50,К,Н,0,lose,1,0,0,К,Б,win,К,К,draw
85,9,Неизвестен,6-20,9,0.6429,50,Б,Н,0,win,1,1,0,К,Н,lose,К,Б,win
85,10,Неизвестен,6-20,9,0.6429,50,К,Б,1,win,2,1,0,Б,Н,win,К,Н,lose
86,1,Неизвестен,<=5,1,0.5,50,Н,К,0,win,0,0,0,-1,-1,none,-1,-1,none
86,2,Неизвестен,<=5,1,0.5,50,Н,К,0,win,1,0,0,Н,К,win,-1,-1,none
86,3,Неизвестен,<=5,1,0.5,50,К,Б,1,win,2,0,0,Н,К,win,Н,К,win
87,1,Неизвестен,<=5,0,0.0,50,К,К,0,draw,0,0,0,-1,-1,none,-1,-1,none
87,2,Неизвестен,<=5,0,0.0,50,К,К,0,draw,0,0,1,К,К,draw,-1,-1,none
87,3,Неизвестен,<=5,0,0.0,50,Б,Б,0,draw,0,0,2,К,К,draw,К,К,draw
87,4,Неизвестен,<=5,0,0.0,50,Н,Б,0,lose,0,0,3,Б,Б,draw,К,К,draw
87,5,Неизвестен,<=5,0,0.0,50,Н,Б,0,lose,0,1,0,Н,Б,lose,Б,Б,draw
87,6,Неизвестен,<=5,0,0.0,50,К,К,1,draw,0,2,0,Н,Б,lose,Н,Б,lose
87,7,Неизвестен,<=5,0,0.0,50,Б,Н,1,win,0,2,1,К,К,draw,Н,Б,lose
87,8,Неизвестен,<=5,0,0.0,50,К,Н,1,lose,1,2,0,Б,Н,win,К,К,draw
88,1,Неизвестен,6-20,8,0.4706,50,К,К,0,draw,0,0,0,-1,-1,none,-1,-1,none
88,2,Неизвестен,6-20,8,0.4706,50,К,К,0,draw,0,0,1,К,К,draw,-1,-1,none
88,3,Неизвестен,6-20,8,0.4706,50,Б,Б,0,draw,0,0,2,К,К,draw,К,К,draw
88,4,Неизвестен,6-20,8,0.4706,50,Н,К,0,win,0,0,3,Б,Б,draw,К,К,draw
88,5,Неизвестен,6-20,8,0.4706,50,К,К,0,draw,1,0,0,Н,К,win,Б,Б,draw
88,6,Неизвестен,6-20,8,0.4706,50,К,Н,0,lose,1,0,1,К,К,draw,Н,К,win
88,7,Неизвестен,6-20,8,0.4706,50,К,Н,0,lose,1,1,0,К,Н,lose,К,К,draw
88,8,Неизвестен,6-20,8,0.4706,50,К,Б,1,win,1,2,0,К,Н,lose,К,Н,lose
88,9,Неизвестен,6-20,8,0.4706,50,Н,К,1,win,2,2,0,К,Б,win,К,Н,lose
89,1,Неизвестен,<=5,1,1.0,50,К,К,0,draw,0,0,0,-1,-1,none,-1,-1,none
89,2,Неизвестен,<=5,1,1.0,50,К,К,0,draw,0,0,1,К,К,draw,-1,-1,none
89,3,Неизвестен,<=5,1,1.0,50,К,Б,0,win,0,0,2,К,К,draw,К,К,draw
89,4,Неизвестен,<=5,1,1.0,50,Б,Б,0,draw,1,0,0,К,Б,win,К,К,draw
89,5,Неизвестен,<=5,1,1.0,50,Н,К,0,win,1,0,1,Б,Б,draw,К,Б,win
89,6,Неизвестен,<=5,1,1.0,50,К,Б,1,win,2,0,0,Н,К,win,Б,Б,draw
90,1,Неизвестен,21-100,24,0.5106,50,Б,К,0,lose,0,0,0,-1,-1,none,-1,-1,none
90,2,Неизвестен,21-100,24,0.5106,50,К,Б,0,win,0,1,0,Б,К,lose,-1,-1,none
90,3,Неизвестен,21-100,24,0.5106,50,К,Б,0,win,1,1,0,К,Б,win,Б,К,lose
90,4,Неизвестен,21-100,24,0.5106,50,Б,К,1,lose,2,1,0,К,Б,win,К,Б,win
90,5,Неизвестен,21-100,24,0.5106,50,Н,Н,1,draw,2,2,0,Б,К,lose,К,Б,win
90,6,Неизвестен,21-100,24,0.5106,50,Н,Н,1,draw,2,2,1,Н,Н,draw,Б,К,lose
90,7,Неизвестен,21-100,24,0.5106,50,Б,Н,1,win,2,2,2,Н,Н,draw,Н,Н,draw
91,1,Неизвестен,<=5,0,0.0,50,Н,К,0,win,0,0,0,-1,-1,none,-1,-1,none
91,2,Неизвестен,<=5,0,0.0,50,К,К,0,draw,1,0,0,Н,К,win,-1,-1,none
91,3,Неизвестен,<=5,0,0.0,50,Н,Б,0,lose,1,0,1,К,К,draw,Н,К,win
91,4,Неизвестен,<=5,0,0.0,50,К,Н,0,lose,1,1,0,Н,Б,lose,К,К,draw
91,5,Неизвестен,<=5,0,0.0,50,Б,Б,1,draw,1,2,0,К,Н,lose,Н,Б,lose
91,6,Неизвестен,<=5,0,0.0,50,Б,Н,1,win,1,2,1,Б,Б,draw,К,Н,lose
91,7,Неизвестен,<=5,0,0.0,50,Н,К,1,win,2,2,0,Б,Н,win,Б,Б,draw
92,1,Неизвестен,<=5,1,1.0,50,Н,К,0,win,0,0,0,-1,-1,none,-1,-1,none
92,2,Неизвестен,<=5,1,1.0,50,Н,К,0,win,1,0,0,Н,К,win,-1,-1,none
92,3,Неизвестен,<=5,1,1.0,50,Н,Б,1,lose,2,0,0,Н,К,win,Н,К,win
92,4,Неизвестен,<=5,1,1.0,50,Б,К,1,lose,2,1,0,Н,Б,lose,Н,К,win
92,5,Неизвестен,<=5,1,1.0,50,К,Б,1,win,2,2,0,Б,К,lose,Н,Б,lose
93,1,Неизвестен,6-20,6,0.75,50,К,К,0,draw,0,0,0,-1,-1,none,-1,-1,none
93,2,Неизвестен,6-20,6,0.75,50,К,К,0,draw,0,0,1,К,К,draw,-1,-1,none
93,3,Неизвестен,6-20,6,0.75,50,Н,Б,0,lose,0,0,2,К,К,draw,К,К,draw
93,4,Неизвестен,6-20,6,0.75,50,К,Б,0,win,0,1,0,Н,Б,lose,К,К,draw
93,5,Неизвестен,6-20,6,0.75,50,Н,Б,0,lose,1,1,0,К,Б,win,Н,Б,lose
93,6,Неизвестен,6-20,6,0.75,50,Б,К,1,lose,1,2,0,Н,Б,lose,К,Б,win
94,1,Неизвестен,<=5,0,0.0,50,Н,К,0,win,0,0,0,-1,-1,none,-1,-1,none
94,2,Неизвестен,<=5,0,0.0,50,Н,К,0,win,1,0,0,Н,К,win,-1,-1,none
94,3,Неизвестен,<=5,0,0.0,50,Б,К,1,lose,2,0,0,Н,К,win,Н,К,win
94,4,Неизвестен,<=5,0,0.0,50,Н,Б,1,lose,2,1,0,Б,К,lose,Н,К,win
94,5,Неизвестен,<=5,0,0.0,50,К,К,1,draw,2,2,0,Н,Б,lose,Б,К,lose
94,6,Неизвестен,<=5,0,0.0,50,Б,Н,1,win,2,2,1,К,К,draw,Н,Б,lose
95,1,Неизвестен,>100,129,0.5917,50,Н,К,0,win,0,0,0,-1,-1,none,-1,-1,none
95,2,Неизвестен,>100,129,0.5917,50,Б,К,0,lose,1,0,0,Н,К,win,-1,-1,none
95,3,Неизвестен,>100,129,0.5917,50,К,Б,0,win,1,1,0,Б,К,lose,Н,К,win
95,4,Неизвестен,>100,129,0.5917,50,К,Б,1,win,2,1,0,К,Б,win,Б,К,lose
96,1,Неизвестен,<=5,0,0.0,50,К,К,0,draw,0,0,0,-1,-1,none,-1,-1,none
96,2,Неизвестен,<=5,0,0.0,50,Н,К,0,win,0,0,1,К,К,draw,-1,-1,none
96,3,Неизвестен,<=5,0,0.0,50,Н,Б,0,lose,1,0,0,Н,К,win,К,К,draw
96,4,Неизвестен,<=5,0,0.0,50,К,Б,0,win,1,1,0,Н,Б,lose,Н,К,win
96,5,Неизвестен,<=5,0,0.0,50,Б,Н,1,win,2,1,0,К,Б,win,Н,Б,lose
97,1,Неизвестен,<=5,0,0.0,50,Н,К,0,win,0,0,0,-1,-1,none,-1,-1,none
97,2,Неизвестен,<=5,0,0.0,50,К,К,0,draw,1,0,0,Н,К,win,-1,-1,none
97,3,Неизвестен,<=5,0,0.0,50,Н,Б,0,lose,1,0,1,К,К,draw,Н,К,win
97,4,Неизвестен,<=5,0,0.0,50,Н,Б,0,lose,1,1,0,Н,Б,lose,К,К,draw
97,5,Неизвестен,<=5,0,0.0,50,Н,К,1,win,1,2,0,Н,Б,lose,Н,Б,lose
97,6,Неизвестен,<=5,0,0.0,50,Н,К,1,win,2,2,0,Н,К,win,Н,Б,lose
98,1,Неизвестен,21-100,34,0.5763,50,Н,К,0,win,0,0,0,-1,-1,none,-1,-1,none
98,2,Неизвестен,21-100,34,0.5763,50,Н,К,0,win,1,0,0,Н,К,win,-1,-1,none
98,3,Неизвестен,21-100,34,0.5763,50,Н,Б,1,lose,2,0,0,Н,К,win,Н,К,win
98,4,Неизвестен,21-100,34,0.5763,50,Н,Н,1,draw,2,1,0,Н,Б,lose,Н,К,win
98,5,Неизвестен,21-100,34,0.5763,50,К,Н,1,lose,2,1,1,Н,Н,draw,Н,Б,lose
98,6,Неизвестен,21-100,34,0.5763,50,Б,К,1,lose,2,2,0,К,Н,lose,Н,Н,draw
99,1,Неизвестен,<=5,1,1.0,50,Н,К,0,win,0,0,0,-1,-1,none,-1,-1,none
99,2,Неизвестен,<=5,1,1.0,50,Б,К,0,lose,1,0,0,Н,К,win,-1,-1,none
99,3,Неизвестен,<=5,1,1.0,50,К,Б,0,win,1,1,0,Б,К,lose,Н,К,win
99,4,Неизвестен,<=5,1,1.0,50,К,Б,1,win,2,1,0,К,Б,win,Б,К,lose
100,1,Неизвестен,6-20,8,0.7273000000000001,50,Н,К,0,win,0,0,0,-1,-1,none,-1,-1,none
100,2,Неизвестен,6-20,8,0.7273000000000001,50,К,К,0,draw,1,0,0,Н,К,win,-1,-1,none
100,3,Неизвестен,6-20,8,0.7273000000000001,50,К,Б,0,win,1,0,1,К,К,draw,Н,К,win
100,4,Неизвестен,6-20,8,0.7273000000000001,50,Н,К,1,win,2,0,0,К,Б,win,К,К,draw
101,1,Неизвестен,>100,134,0.5514,50,Б,К,0,lose,0,0,0,-1,-1,none,-1,-1,none
101,2,Неизвестен,>100,134,0.5514,50,Б,Б,0,draw,0,1,0,Б,К,lose,-1,-1,none
101,3,Неизвестен,>100,134,0.5514,50,Н,К,0,win,0,1,1,Б,Б,draw,Б,К,lose
101,4,Неизвестен,>100,134,0.5514,50,Н,Н,0,draw,1,1,0,Н,К,win,Б,Б,draw
101,5,Неизвестен,>100,134,0.5514,50,Б,Н,0,win,1,1,1,Н,Н,draw,Н,К,win
101,6,Неизвестен,>100,134,0.5514,50,Б,Б,1,draw,2,1,0,Б,Н,win,Н,Н,draw
101,7,Неизвестен,>100,134,0.5514,50,К,Б,1,win,2,1,1,Б,Б,draw,Б,Н,win
102,1,Неизвестен,>100,273,0.526,100,К,К,0,draw,0,0,0,-1,-1,none,-1,-1,none
102,2,Неизвестен,>100,273,0.526,100,К,К,0,draw,0,0,1,К,К,draw,-1,-1,none
102,3,Неизвестен,>100,273,0.526,100,Н,Б,0,lose,0,0,2,К,К,draw,К,К,draw
102,4,Неизвестен,>100,273,0.526,100,Б,Н,0,win,0,1,0,Н,Б,lose,К,К,draw
102,5,Неизвестен,>100,273,0.526,100,Н,Б,0,lose,1,1,0,Б,Н,win,Н,Б,lose
102,6,Неизвестен,>100,273,0.526,100,К,К,1,draw,1,2,0,Н,Б,lose,Б,Н,win
102,7,Неизвестен,>100,273,0.526,100,К,К,1,draw,1,2,1,К,К,draw,Н,Б,lose
102,8,Неизвестен,>100,273,0.526,100,Б,Н,1,win,1,2,2,К,К,draw,К,К,draw
102,9,Неизвестен,>100,273,0.526,100,К,К,1,draw,2,2,0,Б,Н,win,К,К,draw
102,10,Неизвестен,>100,273,0.526,100,Б,Б,1,draw,2,2,1,К,К,draw,Б,Н,win
102,11,Неизвестен,>100,273,0.526,100,Б,К,1,lose,2,2,2,Б,Б,draw,К,К,draw
103,1,Неизвестен,>100,140,0.5907,50,Б,К,0,lose,0,0,0,-1,-1,none,-1,-1,none
103,2,Неизвестен,>100,140,0.5907,50,Б,Б,0,draw,0,1,0,Б,К,lose,-1,-1,none
103,3,Неизвестен,>100,140,0.5907,50,Н,К,0,win,0,1,1,Б,Б,draw,Б,К,lose
103,4,Неизвестен,>100,140,0.5907,50,Б,К,0,lose,1,1,0,Н,К,win,Б,Б,draw
103,5,Неизвестен,>100,140,0.5907,50,Н,Н,1,draw,1,2,0,Б,К,lose,Н,К,win
103,6,Неизвестен,>100,140,0.5907,50,Н,Н,1,draw,1,2,1,Н,Н,draw,Б,К,lose
103,7,Неизвестен,>100,140,0.5907,50,Н,Н,1,draw,1,2,2,Н,Н,draw,Н,Н,draw
103,8,Неизвестен,>100,140,0.5907,50,Б,К,1,lose,1,2,3,Н,Н,draw,Н,Н,draw
104,1,Неизвестен,unknown,-1,-0.01,50,Б,К,0,lose,0,0,0,-1,-1,none,-1,-1,none
104,2,Неизвестен,unknown,-1,-0.01,50,Н,Б,0,lose,0,1,0,Б,К,lose,-1,-1,none
104,3,Неизвестен,unknown,-1,-0.01,50,Б,К,1,lose,0,2,0,Н,Б,lose,Б,К,lose
105,1,Неизвестен,<=5,0,0.0,50,Н,К,0,win,0,0,0,-1,-1,none,-1,-1,none
105,2,Неизвестен,<=5,0,0.0,50,Б,К,0,lose,1,0,0,Н,К,win,-1,-1,none
105,3,Неизвестен,<=5,0,0.0,50,Б,Б,0,draw,1,1,0,Б,К,lose,Н,К,win
105,4,Неизвестен,<=5,0,0.0,50,К,Н,0,lose,1,1,1,Б,Б,draw,Б,К,lose
105,5,Неизвестен,<=5,0,0.0,50,К,Б,1,win,1,2,0,К,Н,lose,Б,Б,draw
105,6,Неизвестен,<=5,0,0.0,50,К,К,1,draw,2,2,0,К,Б,win,К,Н,lose
105,7,Неизвестен,<=5,0,0.0,50,К,Б,1,win,2,2,1,К,К,draw,К,Б,win
106,1,Неизвестен,>100,276,-0.01,100,К,К,0,draw,0,0,0,-1,-1,none,-1,-1,none
106,2,Неизвестен,>100,276,-0.01,100,К,К,0,draw,0,0,1,К,К,draw,-1,-1,none
106,3,Неизвестен,>100,276,-0.01,100,К,К,0,draw,0,0,2,К,К,draw,К,К,draw
106,4,Неизвестен,>100,276,-0.01,100,Н,Н,0,draw,0,0,3,К,К,draw,К,К,draw
106,5,Неизвестен,>100,276,-0.01,100,Б,Б,0,draw,0,0,4,Н,Н,draw,К,К,draw
106,6,Неизвестен,>100,276,-0.01,100,Б,Н,0,win,0,0,5,Б,Б,draw,Н,Н,draw
106,7,Неизвестен,>100,276,-0.01,100,Н,Н,0,draw,1,0,0,Б,Н,win,Б,Б,draw
106,8,Неизвестен,>100,276,-0.01,100,К,К,0,draw,1,0,1,Н,Н,draw,Б,Н,win
106,9,Неизвестен,>100,276,-0.01,100,К,Б,0,win,1,0,2,К,К,draw,Н,Н,draw
106,10,Неизвестен,>100,276,-0.01,100,К,Б,1,win,2,0,0,К,Б,win,К,К,draw
107,1,Неизвестен,21-100,47,0.5949,100,К,К,0,draw,0,0,0,-1,-1,none,-1,-1,none
107,2,Неизвестен,21-100,47,0.5949,100,К,К,0,draw,0,0,1,К,К,draw,-1,-1,none
107,3,Неизвестен,21-100,47,0.5949,100,Б,Б,0,draw,0,0,2,К,К,draw,К,К,draw
107,4,Неизвестен,21-100,47,0.5949,100,Н,Н,0,draw,0,0,3,Б,Б,draw,К,К,draw
107,5,Неизвестен,21-100,47,0.5949,100,Н,Б,0,lose,0,0,4,Н,Н,draw,Б,Б,draw
107,6,Неизвестен,21-100,47,0.5949,100,Б,Н,0,win,0,1,0,Н,Б,lose,Н,Н,draw
107,7,Неизвестен,21-100,47,0.5949,100,Б,Н,0,win,1,1,0,Б,Н,win,Н,Б,lose
107,8,Неизвестен,21-100,47,0.5949,100,Н,Б,1,lose,2,1,0,Б,Н,win,Б,Н,win
107,9,Неизвестен,21-100,47,0.5949,100,Б,К,1,lose,2,2,0,Н,Б,lose,Б,Н,win
108,1,Неизвестен,>100,293,0.5539000000000001,50,К,К,0,draw,0,0,0,-1,-1,none,-1,-1,none
108,2,Неизвестен,>100,293,0.5539000000000001,50,Б,К,0,lose,0,0,1,К,К,draw,-1,-1,none
108,3,Неизвестен,>100,293,0.5539000000000001,50,Б,Б,0,draw,0,1,0,Б,К,lose,К,К,draw
108,4,Неизвестен,>100,293,0.5539000000000001,50,К,Н,0,lose,0,1,1,Б,Б,draw,Б,К,lose
108,5,Неизвестен,>100,293,0.5539000000000001,50,Б,К,1,lose,0,2,0,К,Н,lose,Б,Б,draw
109,1,Неизвестен,21-100,79,0.4702,100,Н,К,0,win,0,0,0,-1,-1,none,-1,-1,none
109,2,Неизвестен,21-100,79,0.4702,100,Н,К,0,win,1,0,0,Н,К,win,-1,-1,none
109,3,Неизвестен,21-100,79,0.4702,100,Б,К,1,lose,2,0,0,Н,К,win,Н,К,win
109,4,Неизвестен,21-100,79,0.4702,100,К,Н,1,lose,2,1,0,Б,К,lose,Н,К,win
109,5,Неизвестен,21-100,79,0.4702,100,К,Б,1,win,2,2,0,К,Н,lose,Б,К,lose
110,1,Неизвестен,6-20,17,0.425,100,К,К,0,draw,0,0,0,-1,-1,none,-1,-1,none
110,2,Неизвестен,6-20,17,0.425,100,К,К,0,draw,0,0,1,К,К,draw,-1,-1,none
110,3,Неизвестен,6-20,17,0.425,100,Н,Н,0,draw,0,0,2,К,К,draw,К,К,draw
110,4,Неизвестен,6-20,17,0.425,100,Н,Б,0,lose,0,0,3,Н,Н,draw,К,К,draw
110,5,Неизвестен,6-20,17,0.425,100,Б,Б,0,draw,0,1,0,Н,Б,lose,Н,Н,draw
110,6,Неизвестен,6-20,17,0.425,100,К,Н,0,lose,0,1,1,Б,Б,draw,Н,Б,lose
110,7,Неизвестен,6-20,17,0.425,100,К,Б,1,win,0,2,0,К,Н,lose,Б,Б,draw
110,8,Неизвестен,6-20,17,0.425,100,Б,Б,1,draw,1,2,0,К,Б,win,К,Н,lose
110,9,Неизвестен,6-20,17,0.425,100,Н,Н,1,draw,1,2,1,Б,Б,draw,К,Б,win
110,10,Неизвестен,6-20,17,0.425,100,К,Б,1,win,1,2,2,Н,Н,draw,Б,Б,draw
110,11,Неизвестен,6-20,17,0.425,100,К,Б,1,win,2,2,0,К,Б,win,Н,Н,draw
111,1,Неизвестен,21-100,81,0.4736999999999999,100,Н,К,0,win,0,0,0,-1,-1,none,-1,-1,none
111,2,Неизвестен,21-100,81,0.4736999999999999,100,Б,К,0,lose,1,0,0,Н,К,win,-1,-1,none
111,3,Неизвестен,21-100,81,0.4736999999999999,100,К,Б,0,win,1,1,0,Б,К,lose,Н,К,win
111,4,Неизвестен,21-100,81,0.4736999999999999,100,Н,Б,1,lose,2,1,0,К,Б,win,Б,К,lose
111,5,Неизвестен,21-100,81,0.4736999999999999,100,Н,Н,1,draw,2,2,0,Н,Б,lose,К,Б,win
111,6,Неизвестен,21-100,81,0.4736999999999999,100,Б,К,1,lose,2,2,1,Н,Н,draw,Н,Б,lose
112,1,Неизвестен,<=5,3,0.375,50,К,К,0,draw,0,0,0,-1,-1,none,-1,-1,none
112,2,Неизвестен,<=5,3,0.375,50,Б,К,0,lose,0,0,1,К,К,draw,-1,-1,none
112,3,Неизвестен,<=5,3,0.375,50,Б,Б,0,draw,0,1,0,Б,К,lose,К,К,draw
112,4,Неизвестен,<=5,3,0.375,50,Н,Б,0,lose,0,1,1,Б,Б,draw,Б,К,lose
112,5,Неизвестен,<=5,3,0.375,50,К,Н,1,lose,0,2,0,Н,Б,lose,Б,Б,draw
113,1,Неизвестен,>100,303,0.5539000000000001,50,К,К,0,draw,0,0,0,-1,-1,none,-1,-1,none
113,2,Неизвестен,>100,303,0.5539000000000001,50,Б,К,0,lose,0,0,1,К,К,draw,-1,-1,none
113,3,Неизвестен,>100,303,0.5539000000000001,50,Б,Б,0,draw,0,1,0,Б,К,lose,К,К,draw
113,4,Неизвестен,>100,303,0.5539000000000001,50,К,Н,0,lose,0,1,1,Б,Б,draw,Б,К,lose
113,5,Неизвестен,>100,303,0.5539000000000001,50,Б,Н,1,win,0,2,0,К,Н,lose,Б,Б,draw
113,6,Неизвестен,>100,303,0.5539000000000001,50,К,Н,1,lose,1,2,0,Б,Н,win,К,Н,lose
114,1,Неизвестен,<=5,0,0.0,50,Н,К,0,win,0,0,0,-1,-1,none,-1,-1,none
114,2,Неизвестен,<=5,0,0.0,50,К,К,0,draw,1,0,0,Н,К,win,-1,-1,none
114,3,Неизвестен,<=5,0,0.0,50,К,Б,0,win,1,0,1,К,К,draw,Н,К,win
114,4,Неизвестен,<=5,0,0.0,50,К,Н,1,lose,2,0,0,К,Б,win,К,К,draw
114,5,Неизвестен,<=5,0,0.0,50,Б,Н,1,win,2,1,0,К,Н,lose,К,Б,win
115,1,Неизвестен,<=5,1,1.0,50,К,К,0,draw,0,0,0,-1,-1,none,-1,-1,none
115,2,Неизвестен,<=5,1,1.0,50,К,К,0,draw,0,0,1,К,К,draw,-1,-1,none
115,3,Неизвестен,<=5,1,1.0,50,К,Н,0,lose,0,0,2,К,К,draw,К,К,draw
115,4,Неизвестен,<=5,1,1.0,50,Б,Б,0,draw,0,1,0,К,Н,lose,К,К,draw
115,5,Неизвестен,<=5,1,1.0,50,Б,Б,0,draw,0,1,1,Б,Б,draw,К,Н,lose
115,6,Неизвестен,<=5,1,1.0,50,К,Н,0,lose,0,1,2,Б,Б,draw,Б,Б,draw
115,7,Неизвестен,<=5,1,1.0,50,Н,К,1,win,0,2,0,К,Н,lose,Б,Б,draw
115,8,Неизвестен,<=5,1,1.0,50,Н,К,1,win,1,2,0,Н,К,win,К,Н,lose
115,9,Неизвестен,<=5,1,1.0,50,Б,К,1,lose,2,2,0,Н,К,win,Н,К,win
116,1,Неизвестен,<=5,0,0.0,50,Н,К,0,win,0,0,0,-1,-1,none,-1,-1,none
116,2,Неизвестен,<=5,0,0.0,50,Н,К,0,win,1,0,0,Н,К,win,-1,-1,none
116,3,Неизвестен,<=5,0,0.0,50,Н,К,1,win,2,0,0,Н,К,win,Н,К,win
117,1,Неизвестен,21-100,25,0.5556,50,Н,К,0,win,0,0,0,-1,-1,none,-1,-1,none
117,2,Неизвестен,21-100,25,0.5556,50,К,К,0,draw,1,0,0,Н,К,win,-1,-1,none
117,3,Неизвестен,21-100,25,0.5556,50,К,Б,0,win,1,0,1,К,К,draw,Н,К,win
117,4,Неизвестен,21-100,25,0.5556,50,Н,Б,1,lose,2,0,0,К,Б,win,К,К,draw
117,5,Неизвестен,21-100,25,0.5556,50,Н,Н,1,draw,2,1,0,Н,Б,lose,К,Б,win
117,6,Неизвестен,21-100,25,0.5556,50,Б,Н,1,win,2,1,1,Н,Н,draw,Н,Б,lose
118,1,Неизвестен,<=5,0,0.0,50,Н,К,0,win,0,0,0,-1,-1,none,-1,-1,none
118,2,Неизвестен,<=5,0,0.0,50,Б,К,0,lose,1,0,0,Н,К,win,-1,-1,none
118,3,Неизвестен,<=5,0,0.0,50,Н,Б,0,lose,1,1,0,Б,К,lose,Н,К,win
118,4,Неизвестен,<=5,0,0.0,50,К,К,1,draw,1,2,0,Н,Б,lose,Б,К,lose
118,5,Неизвестен,<=5,0,0.0,50,Б,К,1,lose,1,2,1,К,К,draw,Н,Б,lose
119,1,Неизвестен,<=5,0,0.0,25,Н,К,0,win,0,0,0,-1,-1,none,-1,-1,none
119,2,Неизвестен,<=5,0,0.0,25,К,К,0,draw,1,0,0,Н,К,win,-1,-1,none
119,3,Неизвестен,<=5,0,0.0,25,К,Б,0,win,1,0,1,К,К,draw,Н,К,win
119,4,Неизвестен,<=5,0,0.0,25,К,К,1,draw,2,0,0,К,Б,win,К,К,draw
119,5,Неизвестен,<=5,0,0.0,25,Н,Н,1,draw,2,0,1,К,К,draw,К,Б,win
119,6,Неизвестен,<=5,0,0.0,25,Н,Н,1,draw,2,0,2,Н,Н,draw,К,К,draw
119,7,Неизвестен,<=5,0,0.0,25,Н,Н,1,draw,2,0,3,Н,Н,draw,Н,Н,draw
119,8,Неизвестен,<=5,0,0.0,25,Б,Б,1,draw,2,0,4,Н,Н,draw,Н,Н,draw
119,9,Неизвестен,<=5,0,0.0,25,Б,Н,1,win,2,0,5,Б,Б,draw,Н,Н,draw
120,1,Неизвестен,<=5,0,0.0,25,Б,К,0,lose,0,0,0,-1,-1,none,-1,-1,none
120,2,Неизвестен,<=5,0,0.0,25,К,Б,0,win,0,1,0,Б,К,lose,-1,-1,none
120,3,Неизвестен,<=5,0,0.0,25,Н,Б,0,lose,1,1,0,К,Б,win,Б,К,lose
120,4,Неизвестен,<=5,0,0.0,25,Б,К,1,lose,1,2,0,Н,Б,lose,К,Б,win
121,1,Неизвестен,>100,142,0.4201,50,К,К,0,draw,0,0,0,-1,-1,none,-1,-1,none
121,2,Неизвестен,>100,142,0.4201,50,К,К,0,draw,0,0,1,К,К,draw,-1,-1,none
121,3,Неизвестен,>100,142,0.4201,50,К,Н,0,lose,0,0,2,К,К,draw,К,К,draw
121,4,Неизвестен,>100,142,0.4201,50,Б,Н,0,win,0,1,0,К,Н,lose,К,К,draw
121,5,Неизвестен,>100,142,0.4201,50,Н,К,0,win,1,1,0,Б,Н,win,К,Н,lose
121,6,Неизвестен,>100,142,0.4201,50,Н,К,1,win,2,1,0,Н,К,win,Б,Н,win
122,1,Неизвестен,<=5,0,0.0,50,К,К,0,draw,0,0,0,-1,-1,none,-1,-1,none
122,2,Неизвестен,<=5,0,0.0,50,Б,К,0,lose,0,0,1,К,К,draw,-1,-1,none
122,3,Неизвестен,<=5,0,0.0,50,К,Б,0,win,0,1,0,Б,К,lose,К,К,draw
122,4,Неизвестен,<=5,0,0.0,50,Н,Б,0,lose,1,1,0,К,Б,win,Б,К,lose
122,5,Неизвестен,<=5,0,0.0,50,К,Н,1,lose,1,2,0,Н,Б,lose,К,Б,win
123,1,Неизвестен,6-20,7,0.4667,50,Н,К,0,win,0,0,0,-1,-1,none,-1,-1,none
123,2,Неизвестен,6-20,7,0.4667,50,К,К,0,draw,1,0,0,Н,К,win,-1,-1,none
123,3,Неизвестен,6-20,7,0.4667,50,К,Б,0,win,1,0,1,К,К,draw,Н,К,win
123,4,Неизвестен,6-20,7,0.4667,50,К,К,1,draw,2,0,0,К,Б,win,К,К,draw
123,5,Неизвестен,6-20,7,0.4667,50,К,Б,1,win,2,0,1,К,К,draw,К,Б,win
124,1,Неизвестен,<=5,0,0.0,50,Б,К,0,lose,0,0,0,-1,-1,none,-1,-1,none
124,2,Неизвестен,<=5,0,0.0,50,Н,Б,0,lose,0,1,0,Б,К,lose,-1,-1,none
124,3,Неизвестен,<=5,0,0.0,50,Б,К,1,lose,0,2,0,Н,Б,lose,Б,К,lose
125,1,Неизвестен,>100,343,0.5213,50,Н,К,0,win,0,0,0,-1,-1,none,-1,-1,none
125,2,Неизвестен,>100,343,0.5213,50,К,К,0,draw,1,0,0,Н,К,win,-1,-1,none
125,3,Неизвестен,>100,343,0.5213,50,К,Б,0,win,1,0,1,К,К,draw,Н,К,win
125,4,Неизвестен,>100,343,0.5213,50,К,Б,1,win,2,0,0,К,Б,win,К,К,draw
126,1,Неизвестен,<=5,0,0.0,50,К,К,0,draw,0,0,0,-1,-1,none,-1,-1,none
126,2,Неизвестен,<=5,0,0.0,50,К,К,0,draw,0,0,1,К,К,draw,-1,-1,none
126,3,Неизвестен,<=5,0,0.0,50,Б,Б,0,draw,0,0,2,К,К,draw,К,К,draw
126,4,Неизвестен,<=5,0,0.0,50,К,К,0,draw,0,0,3,Б,Б,draw,К,К,draw
126,5,Неизвестен,<=5,0,0.0,50,Б,Б,0,draw,0,0,4,К,К,draw,Б,Б,draw
126,6,Неизвестен,<=5,0,0.0,50,Н,Н,0,draw,0,0,5,Б,Б,draw,К,К,draw
126,7,Неизвестен,<=5,0,0.0,50,К,Н,0,lose,0,0,6,Н,Н,draw,Б,Б,draw
126,8,Неизвестен,<=5,0,0.0,50,Б,Б,0,draw,0,1,0,К,Н,lose,Н,Н,draw
126,9,Неизвестен,<=5,0,0.0,50,К,Б,0,win,0,1,1,Б,Б,draw,К,Н,lose
126,10,Неизвестен,<=5,0,0.0,50,К,Н,0,lose,1,1,0,К,Б,win,Б,Б,draw
126,11,Неизвестен,<=5,0,0.0,50,К,Б,1,win,1,2,0,К,Н,lose,К,Б,win
126,12,Неизвестен,<=5,0,0.0,50,К,Б,1,win,2,2,0,К,Б,win,К,Н,lose
127,1,Неизвестен,<=5,2,0.5,50,Б,К,0,lose,0,0,0,-1,-1,none,-1,-1,none
127,2,Неизвестен,<=5,2,0.5,50,Б,Б,0,draw,0,1,0,Б,К,lose,-1,-1,none
127,3,Неизвестен,<=5,2,0.5,50,Н,К,0,win,0,1,1,Б,Б,draw,Б,К,lose
127,4,Неизвестен,<=5,2,0.5,50,Н,Н,0,draw,1,1,0,Н,К,win,Б,Б,draw
127,5,Неизвестен,<=5,2,0.5,50,К,Б,0,win,1,1,1,Н,Н,draw,Н,К,win
127,6,Неизвестен,<=5,2,0.5,50,К,Н,1,lose,2,1,0,К,Б,win,Н,Н,draw
127,7,Неизвестен,<=5,2,0.5,50,К,Б,1,win,2,2,0,К,Н,lose,К,Б,win
128,1,Неизвестен,21-100,55,0.5445,50,Н,К,0,win,0,0,0,-1,-1,none,-1,-1,none
128,2,Неизвестен,21-100,55,0.5445,50,К,К,0,draw,1,0,0,Н,К,win,-1,-1,none
128,3,Неизвестен,21-100,55,0.5445,50,Б,Б,0,draw,1,0,1,К,К,draw,Н,К,win
128,4,Неизвестен,21-100,55,0.5445,50,К,Б,0,win,1,0,2,Б,Б,draw,К,К,draw
128,5,Неизвестен,21-100,55,0.5445,50,К,К,1,draw,2,0,0,К,Б,win,Б,Б,draw
128,6,Неизвестен,21-100,55,0.5445,50,Б,К,1,lose,2,0,1,К,К,draw,К,Б,win
128,7,Неизвестен,21-100,55,0.5445,50,Б,Н,1,win,2,1,0,Б,К,lose,К,К,draw
129,1,Неизвестен,6-20,14,0.56,50,Б,К,0,lose,0,0,0,-1,-1,none,-1,-1,none
129,2,Неизвестен,6-20,14,0.56,50,К,Б,0,win,0,1,0,Б,К,lose,-1,-1,none
129,3,Неизвестен,6-20,14,0.56,50,К,Б,0,win,1,1,0,К,Б,win,Б,К,lose
129,4,Неизвестен,6-20,14,0.56,50,Б,Н,1,win,2,1,0,К,Б,win,К,Б,win
130,1,Неизвестен,<=5,1,1.0,50,К,К,0,draw,0,0,0,-1,-1,none,-1,-1,none
130,2,Неизвестен,<=5,1,1.0,50,К,К,0,draw,0,0,1,К,К,draw,-1,-1,none
130,3,Неизвестен,<=5,1,1.0,50,Н,Б,0,lose,0,0,2,К,К,draw,К,К,draw
130,4,Неизвестен,<=5,1,1.0,50,Н,Б,0,lose,0,1,0,Н,Б,lose,К,К,draw
130,5,Неизвестен,<=5,1,1.0,50,Б,К,1,lose,0,2,0,Н,Б,lose,Н,Б,lose
131,1,Неизвестен,21-100,73,0.5615,50,Н,К,0,win,0,0,0,-1,-1,none,-1,-1,none
131,2,Неизвестен,21-100,73,0.5615,50,К,К,0,draw,1,0,0,Н,К,win,-1,-1,none
131,3,Неизвестен,21-100,73,0.5615,50,Б,Б,0,draw,1,0,1,К,К,draw,Н,К,win
131,4,Неизвестен,21-100,73,0.5615,50,Н,К,0,win,1,0,2,Б,Б,draw,К,К,draw
131,5,Неизвестен,21-100,73,0.5615,50,К,Б,1,win,2,0,0,Н,К,win,Б,Б,draw
132,1,Неизвестен,<=5,1,1.0,50,К,К,0,draw,0,0,0,-1,-1,none,-1,-1,none
132,2,Неизвестен,<=5,1,1.0,50,Б,К,0,lose,0,0,1,К,К,draw,-1,-1,none
132,3,Неизвестен,<=5,1,1.0,50,Н,Б,0,lose,0,1,0,Б,К,lose,К,К,draw
132,4,Неизвестен,<=5,1,1.0,50,Н,Б,1,lose,0,2,0,Н,Б,lose,Б,К,lose
133,1,Неизвестен,<=5,0,0.0,50,Б,К,0,lose,0,0,0,-1,-1,none,-1,-1,none
133,2,Неизвестен,<=5,0,0.0,50,К,Б,0,win,0,1,0,Б,К,lose,-1,-1,none
133,3,Неизвестен,<=5,0,0.0,50,Н,Б,0,lose,1,1,0,К,Б,win,Б,К,lose
133,4,Неизвестен,<=5,0,0.0,50,Н,Н,1,draw,1,2,0,Н,Б,lose,К,Б,win
133,5,Неизвестен,<=5,0,0.0,50,Б,К,1,lose,1,2,1,Н,Н,draw,Н,Б,lose
134,1,Неизвестен,<=5,0,0.0,50,Н,К,0,win,0,0,0,-1,-1,none,-1,-1,none
134,2,Неизвестен,<=5,0,0.0,50,Н,К,0,win,1,0,0,Н,К,win,-1,-1,none
134,3,Неизвестен,<=5,0,0.0,50,К,К,1,draw,2,0,0,Н,К,win,Н,К,win
134,4,Неизвестен,<=5,0,0.0,50,Б,Н,1,win,2,0,1,К,К,draw,Н,К,win
135,1,Неизвестен,<=5,0,0.0,50,Н,К,0,win,0,0,0,-1,-1,none,-1,-1,none
135,2,Неизвестен,<=5,0,0.0,50,Н,К,0,win,1,0,0,Н,К,win,-1,-1,none
135,3,Неизвестен,<=5,0,0.0,50,К,К,1,draw,2,0,0,Н,К,win,Н,К,win
135,4,Неизвестен,<=5,0,0.0,50,Б,Н,1,win,2,0,1,К,К,draw,Н,К,win
136,1,Неизвестен,<=5,0,0.0,50,К,К,0,draw,0,0,0,-1,-1,none,-1,-1,none
136,2,Неизвестен,<=5,0,0.0,50,К,К,0,draw,0,0,1,К,К,draw,-1,-1,none
136,3,Неизвестен,<=5,0,0.0,50,К,Б,0,win,0,0,2,К,К,draw,К,К,draw
136,4,Неизвестен,<=5,0,0.0,50,К,Н,0,lose,1,0,0,К,Б,win,К,К,draw
136,5,Неизвестен,<=5,0,0.0,50,К,Б,0,win,1,1,0,К,Н,lose,К,Б,win
136,6,Неизвестен,<=5,0,0.0,50,К,К,1,draw,2,1,0,К,Б,win,К,Н,lose
136,7,Неизвестен,<=5,0,0.0,50,К,Б,1,win,2,1,1,К,К,draw,К,Б,win
137,1,Неизвестен,<=5,0,0.0,50,Н,К,0,win,0,0,0,-1,-1,none,-1,-1,none
137,2,Неизвестен,<=5,0,0.0,50,Б,К,0,lose,1,0,0,Н,К,win,-1,-1,none
137,3,Неизвестен,<=5,0,0.0,50,Б,Б,0,draw,1,1,0,Б,К,lose,Н,К,win
137,4,Неизвестен,<=5,0,0.0,50,К,Н,0,lose,1,1,1,Б,Б,draw,Б,К,lose
137,5,Неизвестен,<=5,0,0.0,50,К,Б,1,win,1,2,0,К,Н,lose,Б,Б,draw
137,6,Неизвестен,<=5,0,0.0,50,К,К,1,draw,2,2,0,К,Б,win,К,Н,lose
137,7,Неизвестен,<=5,0,0.0,50,К,Б,1,win,2,2,1,К,К,draw,К,Б,win
138,1,Неизвестен,>100,136,0.5861999999999999,50,Н,К,0,win,0,0,0,-1,-1,none,-1,-1,none
138,2,Неизвестен,>100,136,0.5861999999999999,50,Б,К,0,lose,1,0,0,Н,К,win,-1,-1,none
138,3,Неизвестен,>100,136,0.5861999999999999,50,Б,Б,0,draw,1,1,0,Б,К,lose,Н,К,win
138,4,Неизвестен,>100,136,0.5861999999999999,50,Б,Н,0,win,1,1,1,Б,Б,draw,Б,К,lose
138,5,Неизвестен,>100,136,0.5861999999999999,50,Н,Н,1,draw,2,1,0,Б,Н,win,Б,Б,draw
138,6,Неизвестен,>100,136,0.5861999999999999,50,К,К,1,draw,2,1,1,Н,Н,draw,Б,Н,win
138,7,Неизвестен,>100,136,0.5861999999999999,50,Б,Н,1,win,2,1,2,К,К,draw,Н,Н,draw
139,1,Неизвестен,unknown,-1,-0.01,50,К,К,0,draw,0,0,0,-1,-1,none,-1,-1,none
139,2,Неизвестен,unknown,-1,-0.01,50,К,К,0,draw,0,0,1,К,К,draw,-1,-1,none
139,3,Неизвестен,unknown,-1,-0.01,50,К,Б,0,win,0,0,2,К,К,draw,К,К,draw
139,4,Неизвестен,unknown,-1,-0.01,50,Н,Б,0,lose,1,0,0,К,Б,win,К,К,draw
139,5,Неизвестен,unknown,-1,-0.01,50,Б,К,0,lose,1,1,0,Н,Б,lose,К,Б,win
139,6,Неизвестен,unknown,-1,-0.01,50,К,Н,1,lose,1,2,0,Б,К,lose,Н,Б,lose
140,1,Неизвестен,<=5,0,0.0,50,Н,К,0,win,0,0,0,-1,-1,none,-1,-1,none
140,2,Неизвестен,<=5,0,0.0,50,Б,К,0,lose,1,0,0,Н,К,win,-1,-1,none
140,3,Неизвестен,<=5,0,0.0,50,К,Б,0,win,1,1,0,Б,К,lose,Н,К,win
140,4,Неизвестен,<=5,0,0.0,50,К,К,1,draw,2,1,0,К,Б,win,Б,К,lose
140,5,Неизвестен,<=5,0,0.0,50,Н,Б,1,lose,2,1,1,К,К,draw,К,Б,win
140,6,Неизвестен,<=5,0,0.0,50,Б,Н,1,win,2,2,0,Н,Б,lose,К,К,draw
141,1,Неизвестен,<=5,0,0.0,50,Б,К,0,lose,0,0,0,-1,-1,none,-1,-1,none
141,2,Неизвестен,<=5,0,0.0,50,К,Б,0,win,0,1,0,Б,К,lose,-1,-1,none
141,3,Неизвестен,<=5,0,0.0,50,Н,Б,0,lose,1,1,0,К,Б,win,Б,К,lose
141,4,Неизвестен,<=5,0,0.0,50,Б,Н,1,win,1,2,0,Н,Б,lose,К,Б,win
141,5,Неизвестен,<=5,0,0.0,50,К,Н,1,lose,2,2,0,Б,Н,win,Н,Б,lose
142,1,Неизвестен,<=5,0,0.0,50,Н,К,0,win,0,0,0,-1,-1,none,-1,-1,none
142,2,Неизвестен,<=5,0,0.0,50,К,К,0,draw,1,0,0,Н,К,win,-1,-1,none
142,3,Неизвестен,<=5,0,0.0,50,Н,Б,0,lose,1,0,1,К,К,draw,Н,К,win
142,4,Неизвестен,<=5,0,0.0,50,Б,Б,0,draw,1,1,0,Н,Б,lose,К,К,draw
142,5,Неизвестен,<=5,0,0.0,50,К,К,0,draw,1,1,1,Б,Б,draw,Н,Б,lose
142,6,Неизвестен,<=5,0,0.0,50,Н,К,0,win,1,1,2,К,К,draw,Б,Б,draw
142,7,Неизвестен,<=5,0,0.0,50,Б,К,1,lose,2,1,0,Н,К,win,К,К,draw
142,8,Неизвестен,<=5,0,0.0,50,К,Н,1,lose,2,2,0,Б,К,lose,Н,К,win
143,1,Неизвестен,<=5,0,0.0,50,Н,К,0,win,0,0,0,-1,-1,none,-1,-1,none
143,2,Неизвестен,<=5,0,0.0,50,Н,К,0,win,1,0,0,Н,К,win,-1,-1,none
143,3,Неизвестен,<=5,0,0.0,50,Б,К,1,lose,2,0,0,Н,К,win,Н,К,win
143,4,Неизвестен,<=5,0,0.0,50,К,Б,1,win,2,1,0,Б,К,lose,Н,К,win
144,1,Неизвестен,<=5,0,0.0,50,Н,К,0,win,0,0,0,-1,-1,none,-1,-1,none
144,2,Неизвестен,<=5,0,0.0,50,Б,К,0,lose,1,0,0,Н,К,win,-1,-1,none
144,3,Неизвестен,<=5,0,0.0,50,Н,Б,0,lose,1,1,0,Б,К,lose,Н,К,win
144,4,Неизвестен,<=5,0,0.0,50,К,Б,1,win,1,2,0,Н,Б,lose,Б,К,lose
144,5,Неизвестен,<=5,0,0.0,50,Н,Н,1,draw,2,2,0,К,Б,win,Н,Б,lose
144,6,Неизвестен,<=5,0,0.0,50,Н,Н,1,draw,2,2,1,Н,Н,draw,К,Б,win
144,7,Неизвестен,<=5,0,0.0,50,Н,Б,1,lose,2,2,2,Н,Н,draw,Н,Н,draw
145,1,Неизвестен,<=5,0,0.0,50,К,К,0,draw,0,0,0,-1,-1,none,-1,-1,none
145,2,Неизвестен,<=5,0,0.0,50,К,К,0,draw,0,0,1,К,К,draw,-1,-1,none
145,3,Неизвестен,<=5,0,0.0,50,Н,Б,0,lose,0,0,2,К,К,draw,К,К,draw
145,4,Неизвестен,<=5,0,0.0,50,Б,Б,0,draw,0,1,0,Н,Б,lose,К,К,draw
145,5,Неизвестен,<=5,0,0.0,50,Н,Н,0,draw,0,1,1,Б,Б,draw,Н,Б,lose
145,6,Неизвестен,<=5,0,0.0,50,К,Н,0,lose,0,1,2,Н,Н,draw,Б,Б,draw
145,7,Неизвестен,<=5,0,0.0,50,К,Б,1,win,0,2,0,К,Н,lose,Н,Н,draw
145,8,Неизвестен,<=5,0,0.0,50,Н,Б,1,lose,1,2,0,К,Б,win,К,Н,lose
146,1,Неизвестен,>100,563,0.5175,100,Б,К,0,lose,0,0,0,-1,-1,none,-1,-1,none
146,2,Неизвестен,>100,563,0.5175,100,Б,Б,0,draw,0,1,0,Б,К,lose,-1,-1,none
146,3,Неизвестен,>100,563,0.5175,100,К,К,0,draw,0,1,1,Б,Б,draw,Б,К,lose
146,4,Неизвестен,>100,563,0.5175,100,Б,Б,0,draw,0,1,2,К,К,draw,Б,Б,draw
146,5,Неизвестен,>100,563,0.5175,100,Н,К,0,win,0,1,3,Б,Б,draw,К,К,draw
146,6,Неизвестен,>100,563,0.5175,100,Н,Н,0,draw,1,1,0,Н,К,win,Б,Б,draw
146,7,Неизвестен,>100,563,0.5175,100,Н,Н,0,draw,1,1,1,Н,Н,draw,Н,К,win
146,8,Неизвестен,>100,563,0.5175,100,Н,Б,0,lose,1,1,2,Н,Н,draw,Н,Н,draw
146,9,Неизвестен,>100,563,0.5175,100,К,К,1,draw,1,2,0,Н,Б,lose,Н,Н,draw
146,10,Неизвестен,>100,563,0.5175,100,Б,Н,1,win,1,2,1,К,К,draw,Н,Б,lose
146,11,Неизвестен,>100,563,0.5175,100,Б,Б,1,draw,2,2,0,Б,Н,win,К,К,draw
146,12,Неизвестен,>100,563,0.5175,100,К,Б,1,win,2,2,1,Б,Б,draw,Б,Н,win
147,1,Неизвестен,<=5,0,0.0,50,К,К,0,draw,0,0,0,-1,-1,none,-1,-1,none
147,2,Неизвестен,<=5,0,0.0,50,Б,К,0,lose,0,0,1,К,К,draw,-1,-1,none
147,3,Неизвестен,<=5,0,0.0,50,Н,Б,0,lose,0,1,0,Б,К,lose,К,К,draw
147,4,Неизвестен,<=5,0,0.0,50,К,К,1,draw,0,2,0,Н,Б,lose,Б,К,lose
147,5,Неизвестен,<=5,0,0.0,50,К,Б,1,win,0,2,1,К,К,draw,Н,Б,lose
147,6,Неизвестен,<=5,0,0.0,50,Н,К,1,win,1,2,0,К,Б,win,К,К,draw
147,7,Неизвестен,<=5,0,0.0,50,Б,К,1,lose,2,2,0,Н,К,win,К,Б,win
148,1,Неизвестен,<=5,2,1.0,50,К,К,0,draw,0,0,0,-1,-1,none,-1,-1,none
148,2,Неизвестен,<=5,2,1.0,50,Б,К,0,lose,0,0,1,К,К,draw,-1,-1,none
148,3,Неизвестен,<=5,2,1.0,50,Н,Б,0,lose,0,1,0,Б,К,lose,К,К,draw
148,4,Неизвестен,<=5,2,1.0,50,К,К,1,draw,0,2,0,Н,Б,lose,Б,К,lose
148,5,Неизвестен,<=5,2,1.0,50,Б,Б,1,draw,0,2,1,К,К,draw,Н,Б,lose
148,6,Неизвестен,<=5,2,1.0,50,Б,К,1,lose,0,2,2,Б,Б,draw,К,К,draw
149,1,Неизвестен,<=5,0,0.0,50,Н,К,0,win,0,0,0,-1,-1,none,-1,-1,none
149,2,Неизвестен,<=5,0,0.0,50,Б,К,0,lose,1,0,0,Н,К,win,-1,-1,none
149,3,Неизвестен,<=5,0,0.0,50,Б,Б,0,draw,1,1,0,Б,К,lose,Н,К,win
149,4,Неизвестен,<=5,0,0.0,50,Б,Н,0,win,1,1,1,Б,Б,draw,Б,К,lose
149,5,Неизвестен,<=5,0,0.0,50,К,К,1,draw,2,1,0,Б,Н,win,Б,Б,draw
149,6,Неизвестен,<=5,0,0.0,50,К,К,1,draw,2,1,1,К,К,draw,Б,Н,win
149,7,Неизвестен,<=5,0,0.0,50,Б,Н,1,win,2,1,2,К,К,draw,К,К,draw
150,1,Неизвестен,<=5,0,0.0,50,К,К,0,draw,0,0,0,-1,-1,none,-1,-1,none
150,2,Неизвестен,<=5,0,0.0,50,К,К,0,draw,0,0,1,К,К,draw,-1,-1,none
150,3,Неизвестен,<=5,0,0.0,50,Б,Б,0,draw,0,0,2,К,К,draw,К,К,draw
150,4,Неизвестен,<=5,0,0.0,50,К,К,0,draw,0,0,3,Б,Б,draw,К,К,draw
150,5,Неизвестен,<=5,0,0.0,50,К,Н,0,lose,0,0,4,К,К,draw,Б,Б,draw
150,6,Неизвестен,<=5,0,0.0,50,Н,Н,0,draw,0,1,0,К,Н,lose,К,К,draw
150,7,Неизвестен,<=5,0,0.0,50,Б,Б,0,draw,0,1,1,Н,Н,draw,К,Н,lose
150,8,Неизвестен,<=5,0,0.0,50,Н,Б,0,lose,0,1,2,Б,Б,draw,Н,Н,draw
150,9,Неизвестен,<=5,0,0.0,50,Н,Н,1,draw,0,2,0,Н,Б,lose,Б,Б,draw
150,10,Неизвестен,<=5,0,0.0,50,Н,Н,1,draw,0,2,1,Н,Н,draw,Н,Б,lose
150,11,Неизвестен,<=5,0,0.0,50,К,Б,1,win,0,2,2,Н,Н,draw,Н,Н,draw
150,12,Неизвестен,<=5,0,0.0,50,Б,Б,1,draw,1,2,0,К,Б,win,Н,Н,draw
150,13,Неизвестен,<=5,0,0.0,50,Б,Б,1,draw,1,2,1,Б,Б,draw,К,Б,win
150,14,Неизвестен,<=5,0,0.0,50,Б,Н,1,win,1,2,2,Б,Б,draw,Б,Б,draw
150,15,Неизвестен,<=5,0,0.0,50,Н,К,1,win,2,2,0,Б,Н,win,Б,Б,draw
151,1,Неизвестен,<=5,1,1.0,50,Б,К,0,lose,0,0,0,-1,-1,none,-1,-1,none
151,2,Неизвестен,<=5,1,1.0,50,Б,Б,0,draw,0,1,0,Б,К,lose,-1,-1,none
151,3,Неизвестен,<=5,1,1.0,50,К,К,0,draw,0,1,1,Б,Б,draw,Б,К,lose
151,4,Неизвестен,<=5,1,1.0,50,Б,Н,0,win,0,1,2,К,К,draw,Б,Б,draw
151,5,Неизвестен,<=5,1,1.0,50,Б,Н,0,win,1,1,0,Б,Н,win,К,К,draw
151,6,Неизвестен,<=5,1,1.0,50,Б,К,1,lose,2,1,0,Б,Н,win,Б,Н,win
151,7,Неизвестен,<=5,1,1.0,50,К,Б,1,win,2,2,0,Б,К,lose,Б,Н,win
152,1,Неизвестен,<=5,1,1.0,50,Н,К,0,win,0,0,0,-1,-1,none,-1,-1,none
152,2,Неизвестен,<=5,1,1.0,50,К,К,0,draw,1,0,0,Н,К,win,-1,-1,none
152,3,Неизвестен,<=5,1,1.0,50,К,Б,0,win,1,0,1,К,К,draw,Н,К,win
152,4,Неизвестен,<=5,1,1.0,50,Б,Б,1,draw,2,0,0,К,Б,win,К,К,draw
152,5,Неизвестен,<=5,1,1.0,50,К,К,1,draw,2,0,1,Б,Б,draw,К,Б,win
152,6,Неизвестен,<=5,1,1.0,50,К,К,1,draw,2,0,2,К,К,draw,Б,Б,draw
152,7,Неизвестен,<=5,1,1.0,50,Н,Б,1,lose,2,0,3,К,К,draw,К,К,draw
152,8,Неизвестен,<=5,1,1.0,50,К,Н,1,lose,2,1,0,Н,Б,lose,К,К,draw
152,9,Неизвестен,<=5,1,1.0,50,Б,Н,1,win,2,2,0,К,Н,lose,Н,Б,lose
153,1,Неизвестен,<=5,0,0.0,50,К,К,0,draw,0,0,0,-1,-1,none,-1,-1,none
153,2,Неизвестен,<=5,0,0.0,50,К,К,0,draw,0,0,1,К,К,draw,-1,-1,none
153,3,Неизвестен,<=5,0,0.0,50,К,Б,0,win,0,0,2,К,К,draw,К,К,draw
153,4,Неизвестен,<=5,0,0.0,50,К,Б,0,win,1,0,0,К,Б,win,К,К,draw
153,5,Неизвестен,<=5,0,0.0,50,К,К,1,draw,2,0,0,К,Б,win,К,Б,win
153,6,Неизвестен,<=5,0,0.0,50,Б,К,1,lose,2,0,1,К,К,draw,К,Б,win
153,7,Неизвестен,<=5,0,0.0,50,Н,Б,1,lose,2,1,0,Б,К,lose,К,К,draw
153,8,Неизвестен,<=5,0,0.0,50,К,Б,1,win,2,2,0,Н,Б,lose,Б,К,lose
154,1,Неизвестен,<=5,1,1.0,50,К,К,0,draw,0,0,0,-1,-1,none,-1,-1,none
154,2,Неизвестен,<=5,1,1.0,50,Б,К,0,lose,0,0,1,К,К,draw,-1,-1,none
154,3,Неизвестен,<=5,1,1.0,50,Б,Б,0,draw,0,1,0,Б,К,lose,К,К,draw
154,4,Неизвестен,<=5,1,1.0,50,Б,К,0,lose,0,1,1,Б,Б,draw,Б,К,lose
154,5,Неизвестен,<=5,1,1.0,50,К,Н,1,lose,0,2,0,Б,К,lose,Б,Б,draw
155,1,Неизвестен,<=5,0,0.0,50,Н,К,0,win,0,0,0,-1,-1,none,-1,-1,none
155,2,Неизвестен,<=5,0,0.0,50,Н,К,0,win,1,0,0,Н,К,win,-1,-1,none
155,3,Неизвестен,<=5,0,0.0,50,К,К,1,draw,2,0,0,Н,К,win,Н,К,win
155,4,Неизвестен,<=5,0,0.0,50,Н,Н,1,draw,2,0,1,К,К,draw,Н,К,win
155,5,Неизвестен,<=5,0,0.0,50,Б,Н,1,win,2,0,2,Н,Н,draw,К,К,draw
156,1,Неизвестен,<=5,0,0.0,50,К,К,0,draw,0,0,0,-1,-1,none,-1,-1,none
156,2,Неизвестен,<=5,0,0.0,50,К,К,0,draw,0,0,1,К,К,draw,-1,-1,none
156,3,Неизвестен,<=5,0,0.0,50,Н,Б,0,lose,0,0,2,К,К,draw,К,К,draw
156,4,Неизвестен,<=5,0,0.0,50,К,Б,0,win,0,1,0,Н,Б,lose,К,К,draw
156,5,Неизвестен,<=5,0,0.0,50,Б,Б,0,draw,1,1,0,К,Б,win,Н,Б,lose
156,6,Неизвестен,<=5,0,0.0,50,Н,Н,0,draw,1,1,1,Б,Б,draw,К,Б,win
156,7,Неизвестен,<=5,0,0.0,50,Б,Б,0,draw,1,1,2,Н,Н,draw,Б,Б,draw
156,8,Неизвестен,<=5,0,0.0,50,Н,Б,0,lose,1,1,3,Б,Б,draw,Н,Н,draw
156,9,Неизвестен,<=5,0,0.0,50,Б,К,1,lose,1,2,0,Н,Б,lose,Б,Б,draw
157,1,Неизвестен,<=5,0,0.0,50,К,К,0,draw,0,0,0,-1,-1,none,-1,-1,none
157,2,Неизвестен,<=5,0,0.0,50,К,К,0,draw,0,0,1,К,К,draw,-1,-1,none
157,3,Неизвестен,<=5,0,0.0,50,Н,Б,0,lose,0,0,2,К,К,draw,К,К,draw
157,4,Неизвестен,<=5,0,0.0,50,К,Б,0,win,0,1,0,Н,Б,lose,К,К,draw
157,5,Неизвестен,<=5,0,0.0,50,Б,Б,0,draw,1,1,0,К,Б,win,Н,Б,lose
157,6,Неизвестен,<=5,0,0.0,50,К,К,0,draw,1,1,1,Б,Б,draw,К,Б,win
157,7,Неизвестен,<=5,0,0.0,50,Н,Н,0,draw,1,1,2,К,К,draw,Б,Б,draw
157,8,Неизвестен,<=5,0,0.0,50,К,Н,0,lose,1,1,3,Н,Н,draw,К,К,draw
157,9,Неизвестен,<=5,0,0.0,50,Б,К,1,lose,1,2,0,К,Н,lose,Н,Н,draw
158,1,Неизвестен,<=5,0,0.0,50,К,К,0,draw,0,0,0,-1,-1,none,-1,-1,none
158,2,Неизвестен,<=5,0,0.0,50,К,К,0,draw,0,0,1,К,К,draw,-1,-1,none
158,3,Неизвестен,<=5,0,0.0,50,Н,Б,0,lose,0,0,2,К,К,draw,К,К,draw
158,4,Неизвестен,<=5,0,0.0,50,К,Б,0,win,0,1,0,Н,Б,lose,К,К,draw
158,5,Неизвестен,<=5,0,0.0,50,К,К,0,draw,1,1,0,К,Б,win,Н,Б,lose
158,6,Неизвестен,<=5,0,0.0,50,К,Б,0,win,1,1,1,К,К,draw,К,Б,win
158,7,Неизвестен,<=5,0,0.0,50,Б,Н,1,win,2,1,0,К,Б,win,К,К,draw
159,1,Неизвестен,6-20,17,0.4722,50,Б,К,0,lose,0,0,0,-1,-1,none,-1,-1,none
159,2,Неизвестен,6-20,17,0.4722,50,Б,Б,0,draw,0,1,0,Б,К,lose,-1,-1,none
159,3,Неизвестен,6-20,17,0.4722,50,Н,К,0,win,0,1,1,Б,Б,draw,Б,К,lose
159,4,Неизвестен,6-20,17,0.4722,50,К,Н,0,lose,1,1,0,Н,К,win,Б,Б,draw
159,5,Неизвестен,6-20,17,0.4722,50,Б,Н,1,win,1,2,0,К,Н,lose,Н,К,win
159,6,Неизвестен,6-20,17,0.4722,50,Н,Б,1,lose,2,2,0,Б,Н,win,К,Н,lose
160,1,Неизвестен,>100,2445,0.5939,50,Б,К,0,lose,0,0,0,-1,-1,none,-1,-1,none
160,2,Неизвестен,>100,2445,0.5939,50,Б,Б,0,draw,0,1,0,Б,К,lose,-1,-1,none
160,3,Неизвестен,>100,2445,0.5939,50,Н,К,0,win,0,1,1,Б,Б,draw,Б,К,lose
160,4,Неизвестен,>100,2445,0.5939,50,Н,Н,0,draw,1,1,0,Н,К,win,Б,Б,draw
160,5,Неизвестен,>100,2445,0.5939,50,Б,Б,0,draw,1,1,1,Н,Н,draw,Н,К,win
160,6,Неизвестен,>100,2445,0.5939,50,К,К,0,draw,1,1,2,Б,Б,draw,Н,Н,draw
160,7,Неизвестен,>100,2445,0.5939,50,К,Н,0,lose,1,1,3,К,К,draw,Б,Б,draw
160,8,Неизвестен,>100,2445,0.5939,50,Н,Б,1,lose,1,2,0,К,Н,lose,К,К,draw
161,1,Чувствительный Весельчак,unknown,-1,-0.01,50,К,Н,0,lose,0,0,0,-1,-1,none,-1,-1,none
161,2,Чувствительный Весельчак,unknown,-1,-0.01,50,Б,К,0,lose,0,1,0,К,Н,lose,-1,-1,none
161,3,Чувствительный Весельчак,unknown,-1,-0.01,50,К,К,1,draw,0,2,0,Б,К,lose,К,Н,lose
161,4,Чувствительный Весельчак,unknown,-1,-0.01,50,К,Н,1,lose,0,2,1,К,К,draw,Б,К,lose
162,1,Сонный Аукционер,21-100,80,0.5229,50,Н,К,0,win,0,0,0,-1,-1,none,-1,-1,none
162,2,Сонный Аукционер,21-100,80,0.5229,50,Б,К,0,lose,1,0,0,Н,К,win,-1,-1,none
162,3,Сонный Аукционер,21-100,80,0.5229,50,К,Б,0,win,1,1,0,Б,К,lose,Н,К,win
162,4,Сонный Аукционер,21-100,80,0.5229,50,Н,Б,1,lose,2,1,0,К,Б,win,Б,К,lose
162,5,Сонный Аукционер,21-100,80,0.5229,50,Н,Н,1,draw,2,2,0,Н,Б,lose,К,Б,win
162,6,Сонный Аукционер,21-100,80,0.5229,50,Б,Н,1,win,2,2,1,Н,Н,draw,Н,Б,lose
163,1,Брызжущий Рубин,<=5,0,0.0,50,К,К,0,draw,0,0,0,-1,-1,none,-1,-1,none
163,2,Брызжущий Рубин,<=5,0,0.0,50,Н,К,0,win,0,0,1,К,К,draw,-1,-1,none
163,3,Брызжущий Рубин,<=5,0,0.0,50,Н,Н,0,draw,1,0,0,Н,К,win,К,К,draw
163,4,Брызжущий Рубин,<=5,0,0.0,50,К,Н,0,lose,1,0,1,Н,Н,draw,Н,К,win
163,5,Брызжущий Рубин,<=5,0,0.0,50,К,К,0,draw,1,1,0,К,Н,lose,Н,Н,draw
163,6,Брызжущий Рубин,<=5,0,0.0,50,К,К,0,draw,1,1,1,К,К,draw,К,Н,lose
163,7,Брызжущий Рубин,<=5,0,0.0,50,К,Б,0,win,1,1,2,К,К,draw,К,К,draw
163,8,Брызжущий Рубин,<=5,0,0.0,50,К,Б,1,win,2,1,0,Б,Б,win,К,К,draw
164,1,Практичный Бизон,<=5,0,0.0,50,Н,Н,0,draw,0,0,0,-1,-1,none,-1,-1,none
164,2,Практичный Бизон,<=5,0,0.0,50,Б,Н,0,win,0,0,1,Н,Н,draw,-1,-1,none
164,3,Практичный Бизон,<=5,0,0.0,50,Б,Б,0,draw,1,0,0,Б,Н,win,Н,Н,draw
164,4,Практичный Бизон,<=5,0,0.0,50,К,Б,0,win,1,0,1,Б,Б,draw,Б,Н,win
164,5,Практичный Бизон,<=5,0,0.0,50,Н,Б,1,lose,2,0,0,К,Б,win,Б,Б,draw
164,6,Практичный Бизон,<=5,0,0.0,50,Б,Н,1,win,2,1,0,Н,Б,lose,К,Б,win
165,1,Кассовый Виконт,<=5,2,1.0,50,Б,Б,0,draw,0,0,0,-1,-1,none,-1,-1,none
165,2,Кассовый Виконт,<=5,2,1.0,50,К,Б,0,win,0,0,1,Б,Б,draw,-1,-1,none
165,3,Кассовый Виконт,<=5,2,1.0,50,К,К,0,draw,1,0,0,К,Б,win,Б,Б,draw
165,4,Кассовый Виконт,<=5,2,1.0,50,К,К,0,draw,1,0,1,К,К,draw,К,Б,win
165,5,Кассовый Виконт,<=5,2,1.0,50,Н,Б,0,lose,1,0,2,К,К,draw,К,К,draw
165,6,Кассовый Виконт,<=5,2,1.0,50,Б,Н,0,win,1,1,0,Н,Б,lose,К,К,draw
165,7,Кассовый Виконт,<=5,2,1.0,50,Б,Б,1,draw,2,1,0,Б,Н,win,Н,Б,lose
165,8,Кассовый Виконт,<=5,2,1.0,50,Н,Б,1,lose,2,1,1,Б,Б,draw,Б,Н,win
165,9,Кассовый Виконт,<=5,2,1.0,50,Б,Н,1,win,2,2,0,Н,Б,lose,Б,Б,draw
166,1,Кассовый Виконт,<=5,2,0.6667000000000001,50,Н,К,0,win,0,0,0,-1,-1,none,-1,-1,none
166,2,Кассовый Виконт,<=5,2,0.6667000000000001,50,Н,К,0,win,1,0,0,Н,К,win,-1,-1,none
166,3,Кассовый Виконт,<=5,2,0.6667000000000001,50,Н,Б,1,lose,2,0,0,Н,К,win,Н,К,win
166,4,Кассовый Виконт,<=5,2,0.6667000000000001,50,Н,Н,1,draw,2,1,0,Н,Б,lose,Н,К,win
166,5,Кассовый Виконт,<=5,2,0.6667000000000001,50,Н,Н,1,draw,2,1,1,Н,Н,draw,Н,Б,lose
166,6,Кассовый Виконт,<=5,2,0.6667000000000001,50,К,Н,1,lose,2,1,2,Н,Н,draw,Н,Н,draw
166,7,Кассовый Виконт,<=5,2,0.6667000000000001,50,Н,К,1,win,2,2,0,К,Н,lose,Н,Н,draw
167,1,Чумной Ежевичник,<=5,0,0.0,50,Б,К,0,lose,0,0,0,-1,-1,none,-1,-1,none
167,2,Чумной Ежевичник,<=5,0,0.0,50,К,Б,0,win,0,1,0,Б,К,lose,-1,-1,none
167,3,Чумной Ежевичник,<=5,0,0.0,50,К,К,0,draw,1,1,0,К,Б,win,Б,К,lose
167,4,Чумной Ежевичник,<=5,0,0.0,50,К,К,0,draw,1,1,1,К,К,draw,К,Б,win
167,5,Чумной Ежевичник,<=5,0,0.0,50,К,К,0,draw,1,1,2,К,К,draw,К,К,draw
167,6,Чумной Ежевичник,<=5,0,0.0,50,Н,Б,0,lose,1,1,3,К,К,draw,К,К,draw
167,7,Чумной Ежевичник,<=5,0,0.0,50,К,Н,1,lose,1,2,0,Н,Б,lose,К,К,draw
168,1,Фруктовый Чай,<=5,0,0.0,50,К,Н,0,lose,0,0,0,-1,-1,none,-1,-1,none
168,2,Фруктовый Чай,<=5,0,0.0,50,Н,К,0,win,0,1,0,К,Н,lose,-1,-1,none
168,3,Фруктовый Чай,<=5,0,0.0,50,К,Н,0,lose,1,1,0,Н,К,win,К,Н,lose
168,4,Фруктовый Чай,<=5,0,0.0,50,К,К,1,draw,1,2,0,К,Н,lose,Н,К,win
168,5,Фруктовый Чай,<=5,0,0.0,50,Н,Б,1,lose,1,2,1,К,К,draw,К,Н,lose
169,1,Очаровательный Сноубордист,<=5,1,1.0,50,Б,К,0,lose,0,0,0,-1,-1,none,-1,-1,none
169,2,Очаровательный Сноубордист,<=5,1,1.0,50,Б,Н,0,win,0,1,0,Б,К,lose,-1,-1,none
169,3,Очаровательный Сноубордист,<=5,1,1.0,50,Н,Б,0,lose,1,1,0,Б,Н,win,Б,К,lose
169,4,Очаровательный Сноубордист,<=5,1,1.0,50,Б,Н,1,win,1,2,0,Н,Б,lose,Б,Н,win
169,5,Очаровательный Сноубордист,<=5,1,1.0,50,Б,Б,1,draw,2,2,0,Б,Н,win,Н,Б,lose
169,6,Очаровательный Сноубордист,<=5,1,1.0,50,Б,Б,1,draw,2,2,1,Б,Б,draw,Б,Н,win
169,7,Очаровательный Сноубордист,<=5,1,1.0,50,Н,Б,1,lose,2,2,2,Б,Б,draw,Б,Б,draw
170,1,Чувствительный Весельчак,>100,2528,0.5952000000000001,50,Б,К,0,lose,0,0,0,-1,-1,none,-1,-1,none
170,2,Чувствительный Весельчак,>100,2528,0.5952000000000001,50,Н,К,0,win,0,1,0,Б,К,lose,-1,-1,none
170,3,Чувствительный Весельчак,>100,2528,0.5952000000000001,50,К,Н,0,lose,1,1,0,Н,К,win,Б,К,lose
170,4,Чувствительный Весельчак,>100,2528,0.5952000000000001,50,К,Б,1,win,1,2,0,К,Н,lose,Н,К,win
170,5,Чувствительный Весельчак,>100,2528,0.5952000000000001,50,Б,К,1,lose,2,2,0,К,Б,win,К,Н,lose
171,1,Парниковый Байбак,<=5,1,1.0,50,К,К,0,draw,0,0,0,-1,-1,none,-1,-1,none
171,2,Парниковый Байбак,<=5,1,1.0,50,К,К,0,draw,0,0,1,К,К,draw,-1,-1,none
171,3,Парниковый Байбак,<=5,1,1.0,50,Б,К,0,lose,0,0,2,К,К,draw,К,К,draw
171,4,Парниковый Байбак,<=5,1,1.0,50,Б,Б,0,draw,0,1,0,Б,К,lose,К,К,draw
171,5,Парниковый Байбак,<=5,1,1.0,50,Б,Б,0,draw,0,1,1,Б,Б,draw,Б,К,lose
171,6,Парниковый Байбак,<=5,1,1.0,50,Н,Б,0,lose,0,1,2,Б,Б,draw,Б,Б,draw
171,7,Парниковый Байбак,<=5,1,1.0,50,Н,Н,1,draw,0,2,0,Н,Б,lose,Б,Б,draw
171,8,Парниковый Байбак,<=5,1,1.0,50,К,Н,1,lose,0,2,1,Н,Н,draw,Н,Б,lose
172,1,Книжный Шпинат,6-20,8,0.7273000000000001,50,Н,К,0,win,0,0,0,-1,-1,none,-1,-1,none
172,2,Книжный Шпинат,6-20,8,0.7273000000000001,50,К,К,0,draw,1,0,0,Н,К,win,-1,-1,none
172,3,Книжный Шпинат,6-20,8,0.7273000000000001,50,К,Б,0,win,1,0,1,К,К,draw,Н,К,win
172,4,Книжный Шпинат,6-20,8,0.7273000000000001,50,К,Б,1,win,2,0,0,К,Б,win,К,К,draw
173,1,Симфонический Финалист,<=5,0,0.0,50,Н,К,0,win,0,0,0,-1,-1,none,-1,-1,none
173,2,Симфонический Финалист,<=5,0,0.0,50,Б,К,0,lose,1,0,0,Н,К,win,-1,-1,none
173,3,Симфонический Финалист,<=5,0,0.0,50,К,Б,0,win,1,1,0,Б,К,lose,Н,К,win
173,4,Симфонический Финалист,<=5,0,0.0,50,Б,К,1,lose,2,1,0,К,Б,win,Б,К,lose
173,5,Симфонический Финалист,<=5,0,0.0,50,Н,Б,1,lose,2,2,0,Б,К,lose,К,Б,win
174,1,Млечный Зевс,6-20,8,0.6154,50,Б,К,0,lose,0,0,0,-1,-1,none,-1,-1,none
174,2,Млечный Зевс,6-20,8,0.6154,50,Б,Б,0,draw,0,1,0,Б,К,lose,-1,-1,none
174,3,Млечный Зевс,6-20,8,0.6154,50,К,К,0,draw,0,1,1,Б,Б,draw,Б,К,lose
174,4,Млечный Зевс,6-20,8,0.6154,50,Н,Н,0,draw,0,1,2,К,К,draw,Б,Б,draw
174,5,Млечный Зевс,6-20,8,0.6154,50,Н,Н,0,draw,0,1,3,Н,Н,draw,К,К,draw
174,6,Млечный Зевс,6-20,8,0.6154,50,Н,Н,0,draw,0,1,4,Н,Н,draw,Н,Н,draw
174,7,Млечный Зевс,6-20,8,0.6154,50,К,К,0,draw,0,1,5,Н,Н,draw,Н,Н,draw
174,8,Млечный Зевс,6-20,8,0.6154,50,Б,К,0,lose,0,1,6,К,К,draw,Н,Н,draw
174,9,Млечный Зевс,6-20,8,0.6154,50,К,Б,1,win,0,2,0,Б,К,lose,К,К,draw
174,10,Млечный Зевс,6-20,8,0.6154,50,Б,Б,1,draw,1,2,0,К,Б,win,Б,К,lose
174,11,Млечный Зевс,6-20,8,0.6154,50,К,Н,1,lose,1,2,1,Б,Б,draw,К,Б,win
175,1,Марсианский Улей,6-20,6,0.4286,50,К,К,0,draw,0,0,0,-1,-1,none,-1,-1,none
175,2,Марсианский Улей,6-20,6,0.4286,50,К,К,0,draw,0,0,1,К,К,draw,-1,-1,none
175,3,Марсианский Улей,6-20,6,0.4286,50,К,Н,0,lose,0,0,2,К,К,draw,К,К,draw
175,4,Марсианский Улей,6-20,6,0.4286,50,Н,Б,0,lose,0,1,0,К,Н,lose,К,К,draw
175,5,Марсианский Улей,6-20,6,0.4286,50,Б,К,1,lose,0,2,0,Н,Б,lose,К,Н,lose
176,1,Придирчивый Весельчак,<=5,1,1.0,50,Б,К,0,lose,0,0,0,-1,-1,none,-1,-1,none
176,2,Придирчивый Весельчак,<=5,1,1.0,50,К,Б,0,win,0,1,0,Б,К,lose,-1,-1,none
176,3,Придирчивый Весельчак,<=5,1,1.0,50,К,К,0,draw,1,1,0,К,Б,win,Б,К,lose
176,4,Придирчивый Весельчак,<=5,1,1.0,50,Н,Н,0,draw,1,1,1,К,К,draw,К,Б,win
176,5,Придирчивый Весельчак,<=5,1,1.0,50,К,Н,0,lose,1,1,2,Н,Н,draw,К,К,draw
176,6,Придирчивый Весельчак,<=5,1,1.0,50,Б,Б,1,draw,1,2,0,К,Н,lose,Н,Н,draw
176,7,Придирчивый Весельчак,<=5,1,1.0,50,Б,Б,1,draw,1,2,1,Б,Б,draw,К,Н,lose
176,8,Придирчивый Весельчак,<=5,1,1.0,50,К,Н,1,lose,1,2,2,Б,Б,draw,Б,Б,draw
177,1,Грозный Кот в сапогах,<=5,1,1.0,50,К,К,0,draw,0,0,0,-1,-1,none,-1,-1,none
177,2,Грозный Кот в сапогах,<=5,1,1.0,50,Б,Б,0,draw,0,0,1,К,К,draw,-1,-1,none
177,3,Грозный Кот в сапогах,<=5,1,1.0,50,Н,Б,0,lose,0,0,2,Б,Б,draw,К,К,draw
177,4,Грозный Кот в сапогах,<=5,1,1.0,50,Б,К,0,lose,0,1,0,Н,Б,lose,Б,Б,draw
177,5,Грозный Кот в сапогах,<=5,1,1.0,50,К,К,1,draw,0,2,0,Б,К,lose,Н,Б,lose
177,6,Грозный Кот в сапогах,<=5,1,1.0,50,Н,Б,1,lose,0,2,1,К,К,draw,Б,К,lose
178,1,Грозный Кот в сапогах,<=5,2,1.0,50,Б,Н,0,win,0,0,0,-1,-1,none,-1,-1,none
178,2,Грозный Кот в сапогах,<=5,2,1.0,50,К,К,0,draw,1,0,0,Б,Н,win,-1,-1,none
178,3,Грозный Кот в сапогах,<=5,2,1.0,50,Б,Б,0,draw,1,0,1,К,К,draw,Б,Н,win
178,4,Грозный Кот в сапогах,<=5,2,1.0,50,Н,К,0,win,1,0,2,Б,Б,draw,К,К,draw
178,5,Грозный Кот в сапогах,<=5,2,1.0,50,К,Н,1,lose,2,0,0,Н,К,win,Б,Б,draw
178,6,Грозный Кот в сапогах,<=5,2,1.0,50,Н,Н,1,draw,2,1,0,К,Н,lose,Н,К,win
178,7,Грозный Кот в сапогах,<=5,2,1.0,50,К,Б,1,win,2,1,1,Н,Н,draw,К,Н,lose
179,1,Виртуальный Улов,<=5,0,0.0,50,К,К,0,draw,0,0,0,-1,-1,none,-1,-1,none
179,2,Виртуальный Улов,<=5,0,0.0,50,К,Б,0,win,0,0,1,К,К,draw,-1,-1,none
179,3,Виртуальный Улов,<=5,0,0.0,50,К,Б,0,win,1,0,0,К,Б,win,К,К,draw
179,4,Виртуальный Улов,<=5,0,0.0,50,Н,К,1,win,2,0,0,К,Б,win,К,Б,win
180,1,Прогрессивный Малахит,<=5,2,1.0,50,Н,К,0,win,0,0,0,-1,-1,none,-1,-1,none
180,2,Прогрессивный Малахит,<=5,2,1.0,50,Н,К,0,win,1,0,0,Н,К,win,-1,-1,none
180,3,Прогрессивный Малахит,<=5,2,1.0,50,Н,К,1,win,2,0,0,Н,К,win,Н,К,win
181,1,Океанический Лепрекон,<=5,0,0.0,50,К,К,0,draw,0,0,0,-1,-1,none,-1,-1,none
181,2,Океанический Лепрекон,<=5,0,0.0,50,Н,Б,0,lose,0,0,1,К,К,draw,-1,-1,none
181,3,Океанический Лепрекон,<=5,0,0.0,50,Б,Н,0,win,0,1,0,Н,Б,lose,К,К,draw
181,4,Океанический Лепрекон,<=5,0,0.0,50,К,К,0,draw,1,1,0,Б,Н,win,Н,Б,lose
181,5,Океанический Лепрекон,<=5,0,0.0,50,К,К,0,draw,1,1,1,К,К,draw,Б,Н,win
181,6,Океанический Лепрекон,<=5,0,0.0,50,Б,Б,0,draw,1,1,2,К,К,draw,К,К,draw
181,7,Океанический Лепрекон,<=5,0,0.0,50,Н,Н,0,draw,1,1,3,Б,Б,draw,К,К,draw
181,8,Океанический Лепрекон,<=5,0,0.0,50,Б,Б,0,draw,1,1,4,Н,Н,draw,Б,Б,draw
181,9,Океанический Лепрекон,<=5,0,0.0,50,К,К,0,draw,1,1,5,Б,Б,draw,Н,Н,draw
181,10,Океанический Лепрекон,<=5,0,0.0,50,Н,К,0,win,1,1,6,К,К,draw,Б,Б,draw
181,11,Океанический Лепрекон,<=5,0,0.0,50,Н,Н,1,draw,2,1,0,Н,К,win,К,К,draw
181,12,Океанический Лепрекон,<=5,0,0.0,50,К,Б,1,win,2,1,1,Н,Н,draw,Н,К,win
182,1,Добродушный Тартар,<=5,0,0.0,50,К,К,0,draw,0,0,0,-1,-1,none,-1,-1,none
182,2,Добродушный Тартар,<=5,0,0.0,50,К,Б,0,win,0,0,1,К,К,draw,-1,-1,none
182,3,Добродушный Тартар,<=5,0,0.0,50,Н,К,0,win,1,0,0,К,Б,win,К,К,draw
182,4,Добродушный Тартар,<=5,0,0.0,50,Б,Н,1,win,2,0,0,Н,К,win,К,Б,win
183,1,Пастуший Окунь,<=5,0,0.0,50,Н,К,0,win,0,0,0,-1,-1,none,-1,-1,none
183,2,Пастуший Окунь,<=5,0,0.0,50,К,К,0,draw,1,0,0,Н,К,win,-1,-1,none
183,3,Пастуший Окунь,<=5,0,0.0,50,Б,Б,0,draw,1,0,1,К,К,draw,Н,К,win
183,4,Пастуший Окунь,<=5,0,0.0,50,К,К,0,draw,1,0,2,Б,Б,draw,К,К,draw
183,5,Пастуший Окунь,<=5,0,0.0,50,К,К,0,draw,1,0,3,К,К,draw,Б,Б,draw
183,6,Пастуший Окунь,<=5,0,0.0,50,Б,Н,0,win,1,0,4,К,К,draw,К,К,draw
183,7,Пастуший Окунь,<=5,0,0.0,50,К,Н,1,lose,2,0,0,Б,Н,win,К,К,draw
183,8,Пастуший Окунь,<=5,0,0.0,50,Б,Б,1,draw,2,1,0,К,Н,lose,Б,Н,win
183,9,Пастуший Окунь,<=5,0,0.0,50,Н,К,1,win,2,1,1,Б,Б,draw,К,Н,lose
184,1,Здоровый Имбирь,6-20,19,0.7037,50,К,К,0,draw,0,0,0,-1,-1,none,-1,-1,none
184,2,Здоровый Имбирь,6-20,19,0.7037,50,К,Б,0,win,0,0,1,К,К,draw,-1,-1,none
184,3,Здоровый Имбирь,6-20,19,0.7037,50,Н,Б,0,lose,1,0,0,К,Б,win,К,К,draw
184,4,Здоровый Имбирь,6-20,19,0.7037,50,Н,Н,0,draw,1,1,0,Н,Б,lose,К,Б,win
184,5,Здоровый Имбирь,6-20,19,0.7037,50,К,Н,0,lose,1,1,1,Н,Н,draw,Н,Б,lose
184,6,Здоровый Имбирь,6-20,19,0.7037,50,Б,К,1,lose,1,2,0,К,Н,lose,Н,Н,draw
185,1,Здоровый Имбмрь,6-20,20,0.6897,50,Н,Н,0,draw,0,0,0,-1,-1,none,-1,-1,none
185,2,Здоровый Имбмрь,6-20,20,0.6897,50,К,К,0,draw,0,0,1,Н,Н,draw,-1,-1,none
185,3,Здоровый Имбмрь,6-20,20,0.6897,50,К,К,0,draw,0,0,2,К,К,draw,Н,Н,draw
185,4,Здоровый Имбмрь,6-20,20,0.6897,50,Б,Н,0,win,0,0,3,К,К,draw,К,К,draw
185,5,Здоровый Имбмрь,6-20,20,0.6897,50,Б,Н,0,win,1,0,0,Б,Н,win,К,К,draw
185,6,Здоровый Имбмрь,6-20,20,0.6897,50,Б,Б,1,draw,2,0,0,Б,Н,win,Б,Н,win
185,7,Здоровый Имбмрь,6-20,20,0.6897,50,К,К,1,draw,2,0,1,Б,Б,draw,Б,Н,win
185,8,Здоровый Имбмрь,6-20,20,0.6897,50,К,К,1,draw,2,0,2,К,К,draw,Б,Б,draw
185,9,Здоровый Имбмрь,6-20,20,0.6897,50,Б,Б,1,draw,2,0,3,К,К,draw,К,К,draw
185,10,Здоровый Имбмрь,6-20,20,0.6897,50,Н,Н,1,draw,2,0,4,Б,Б,draw,К,К,draw
185,11,Здоровый Имбмрь,6-20,20,0.6897,50,Б,Н,1,win,2,0,5,Н,Н,draw,Б,Б,draw
186,1,Кипучий Спасатель,6-20,9,0.9,50,Б,К,0,lose,0,0,0,-1,-1,none,-1,-1,none
186,2,Кипучий Спасатель,6-20,9,0.9,50,К,Б,0,win,0,1,0,Б,К,lose,-1,-1,none
186,3,Кипучий Спасатель,6-20,9,0.9,50,Н,Б,0,lose,1,1,0,К,Б,win,Б,К,lose
186,4,Кипучий Спасатель,6-20,9,0.9,50,К,Н,1,lose,1,2,0,Н,Б,lose,К,Б,win
187,1,Кипучий Спасатель,6-20,11,0.9167,50,К,Н,0,lose,0,0,0,-1,-1,none,-1,-1,none
187,2,Кипучий Спасатель,6-20,11,0.9167,50,Н,Б,0,lose,0,1,0,К,Н,lose,-1,-1,none
187,3,Кипучий Спасатель,6-20,11,0.9167,50,К,Н,1,lose,0,2,0,Н,Б,lose,К,Н,lose
188,1,Дальний Тайник,<=5,3,0.75,100,Б,К,0,lose,0,0,0,-1,-1,none,-1,-1,none
188,2,Дальний Тайник,<=5,3,0.75,100,Б,Б,0,draw,0,1,0,Б,К,lose,-1,-1,none
188,3,Дальний Тайник,<=5,3,0.75,100,Н,К,0,win,0,1,1,Б,Б,draw,Б,К,lose
188,4,Дальний Тайник,<=5,3,0.75,100,К,Н,0,lose,1,1,0,Н,К,win,Б,Б,draw
188,5,Дальний Тайник,<=5,3,0.75,100,Н,Н,1,draw,1,2,0,К,Н,lose,Н,К,win
188,6,Дальний Тайник,<=5,3,0.75,100,Б,Б,1,draw,1,2,1,Н,Н,draw,К,Н,lose
188,7,Дальний Тайник,<=5,3,0.75,100,Н,Б,1,lose,1,2,2,Б,Б,draw,Н,Н,draw
189,1,Дальний Тайник,<=5,4,0.8,50,Н,Б,0,lose,0,0,0,-1,-1,none,-1,-1,none
189,2,Дальний Тайник,<=5,4,0.8,50,К,Н,0,lose,0,1,0,Н,Б,lose,-1,-1,none
189,3,Дальний Тайник,<=5,4,0.8,50,К,К,1,draw,0,2,0,К,Н,lose,Н,Б,lose
189,4,Дальний Тайник,<=5,4,0.8,50,Б,К,1,lose,0,2,1,К,К,draw,К,Н,lose
